period_s,Sa_servicio_31,Sa_diseno_475,Sa_maximo_considerado_2500
0.0,0.14087499999999997,0.40249999999999997,0.60375
0.01,0.15755211397058821,0.4501488970588235,0.6752233455882353
0.02,0.17422922794117643,0.49779779411764696,0.7466966911764704
0.03,0.19090634191176467,0.5454466911764705,0.8181700367647058
0.04,0.20758345588235289,0.593095588235294,0.8896433823529409
0.05,0.22426056985294113,0.6407444852941175,0.9611167279411763
0.06,0.24093768382352934,0.688393382352941,1.0325900735294116
0.07,0.2576147977941176,0.7360422794117646,1.1040634191176468
0.08,0.27429191176470585,0.7836911764705882,1.1755367647058823
0.09,0.29096902573529404,0.8313400735294115,1.2470101102941173
0.1,0.3076461397058823,0.8789889705882351,1.3184834558823526
0.11,0.32432325367647047,0.9266378676470586,1.3899568014705879
0.12,0.3410003676470587,0.974286764705882,1.4614301470588231
0.13,0.35218749999999993,1.0062499999999999,1.509375
0.14,0.35218749999999993,1.0062499999999999,1.509375
0.15,0.35218749999999993,1.0062499999999999,1.509375
0.16,0.35218749999999993,1.0062499999999999,1.509375
0.17,0.35218749999999993,1.0062499999999999,1.509375
0.18,0.35218749999999993,1.0062499999999999,1.509375
0.19,0.35218749999999993,1.0062499999999999,1.509375
0.2,0.35218749999999993,1.0062499999999999,1.509375
0.21,0.35218749999999993,1.0062499999999999,1.509375
0.22,0.35218749999999993,1.0062499999999999,1.509375
0.23,0.35218749999999993,1.0062499999999999,1.509375
0.24,0.35218749999999993,1.0062499999999999,1.509375
0.25,0.35218749999999993,1.0062499999999999,1.509375
0.26,0.35218749999999993,1.0062499999999999,1.509375
0.27,0.35218749999999993,1.0062499999999999,1.509375
0.28,0.35218749999999993,1.0062499999999999,1.509375
0.29,0.35218749999999993,1.0062499999999999,1.509375
0.3,0.35218749999999993,1.0062499999999999,1.509375
0.31,0.35218749999999993,1.0062499999999999,1.509375
0.32,0.35218749999999993,1.0062499999999999,1.509375
0.33,0.35218749999999993,1.0062499999999999,1.509375
0.34,0.35218749999999993,1.0062499999999999,1.509375
0.35,0.35218749999999993,1.0062499999999999,1.509375
0.36,0.35218749999999993,1.0062499999999999,1.509375
0.37,0.35218749999999993,1.0062499999999999,1.509375
0.38,0.35218749999999993,1.0062499999999999,1.509375
0.39,0.35218749999999993,1.0062499999999999,1.509375
0.4,0.35218749999999993,1.0062499999999999,1.509375
0.41,0.35218749999999993,1.0062499999999999,1.509375
0.42,0.35218749999999993,1.0062499999999999,1.509375
0.43,0.35218749999999993,1.0062499999999999,1.509375
0.44,0.35218749999999993,1.0062499999999999,1.509375
0.45,0.35218749999999993,1.0062499999999999,1.509375
0.46,0.35218749999999993,1.0062499999999999,1.509375
0.47,0.35218749999999993,1.0062499999999999,1.509375
0.48,0.35218749999999993,1.0062499999999999,1.509375
0.49,0.35218749999999993,1.0062499999999999,1.509375
0.5,0.35218749999999993,1.0062499999999999,1.509375
0.51,0.35218749999999993,1.0062499999999999,1.509375
0.52,0.35218749999999993,1.0062499999999999,1.509375
0.53,0.35218749999999993,1.0062499999999999,1.509375
0.54,0.35218749999999993,1.0062499999999999,1.509375
0.55,0.35218749999999993,1.0062499999999999,1.509375
0.56,0.35218749999999993,1.0062499999999999,1.509375
0.57,0.35218749999999993,1.0062499999999999,1.509375
0.58,0.35218749999999993,1.0062499999999999,1.509375
0.59,0.35218749999999993,1.0062499999999999,1.509375
0.6,0.35218749999999993,1.0062499999999999,1.509375
0.61,0.3511475409836065,1.0032786885245901,1.5049180327868852
0.62,0.3454838709677419,0.9870967741935484,1.4806451612903224
0.63,0.33999999999999997,0.9714285714285714,1.457142857142857
0.64,0.33468749999999997,0.9562499999999999,1.434375
0.65,0.3295384615384615,0.9415384615384614,1.4123076923076923
0.66,0.3245454545454545,0.9272727272727272,1.3909090909090909
0.67,0.3197014925373134,0.9134328358208954,1.370149253731343
0.68,0.31499999999999995,0.8999999999999999,1.3499999999999999
0.69,0.31043478260869567,0.8869565217391305,1.3304347826086957
0.7,0.306,0.8742857142857143,1.3114285714285714
0.71,0.30169014084507045,0.8619718309859156,1.2929577464788733
0.72,0.2975,0.85,1.275
0.73,0.29342465753424657,0.8383561643835616,1.2575342465753425
0.74,0.28945945945945944,0.827027027027027,1.2405405405405405
0.75,0.28559999999999997,0.816,1.224
0.76,0.28184210526315784,0.8052631578947368,1.2078947368421051
0.77,0.27818181818181814,0.7948051948051947,1.192207792207792
0.78,0.2746153846153846,0.7846153846153846,1.176923076923077
0.79,0.27113924050632904,0.7746835443037974,1.1620253164556962
0.8,0.26774999999999993,0.7649999999999999,1.1475
0.81,0.2644444444444444,0.7555555555555555,1.1333333333333333
0.82,0.26121951219512196,0.7463414634146341,1.1195121951219513
0.83,0.2580722891566265,0.7373493975903614,1.106024096385542
0.84,0.25499999999999995,0.7285714285714285,1.0928571428571427
0.85,0.252,0.72,1.08
0.86,0.24906976744186043,0.7116279069767442,1.0674418604651161
0.87,0.24620689655172412,0.7034482758620689,1.0551724137931033
0.88,0.24340909090909088,0.6954545454545454,1.0431818181818182
0.89,0.24067415730337077,0.6876404494382022,1.0314606741573034
0.9,0.23799999999999996,0.6799999999999999,1.02
0.91,0.23538461538461536,0.6725274725274725,1.0087912087912088
0.92,0.2328260869565217,0.6652173913043478,0.9978260869565216
0.93,0.23032258064516123,0.6580645161290322,0.9870967741935482
0.94,0.22787234042553192,0.6510638297872341,0.9765957446808511
0.95,0.2254736842105263,0.6442105263157895,0.9663157894736842
0.96,0.22312500000000002,0.6375000000000001,0.95625
0.97,0.22082474226804122,0.6309278350515464,0.9463917525773196
0.98,0.21857142857142858,0.6244897959183674,0.9367346938775512
0.99,0.21636363636363634,0.6181818181818182,0.9272727272727272
1.0,0.21419999999999997,0.612,0.9179999999999999
1.01,0.21207920792079207,0.6059405940594059,0.9089108910891088
1.02,0.21,0.6,0.8999999999999999
1.03,0.20796116504854364,0.5941747572815533,0.8912621359223301
1.04,0.20596153846153845,0.5884615384615385,0.8826923076923077
1.05,0.204,0.5828571428571429,0.8742857142857143
1.06,0.20207547169811318,0.5773584905660377,0.8660377358490565
1.07,0.20018691588785045,0.5719626168224299,0.8579439252336448
1.08,0.1983333333333333,0.5666666666666667,0.85
1.09,0.19651376146788987,0.5614678899082568,0.8422018348623852
1.1,0.1947272727272727,0.5563636363636363,0.8345454545454545
1.11,0.19297297297297294,0.5513513513513513,0.8270270270270269
1.12,0.19124999999999998,0.5464285714285714,0.8196428571428571
1.13,0.1895575221238938,0.5415929203539823,0.8123893805309734
1.14,0.18789473684210525,0.5368421052631579,0.8052631578947369
1.15,0.1862608695652174,0.5321739130434783,0.7982608695652174
1.16,0.18465517241379312,0.5275862068965518,0.7913793103448277
1.17,0.18307692307692308,0.5230769230769231,0.7846153846153847
1.18,0.18152542372881356,0.5186440677966102,0.7779661016949153
1.19,0.18000000000000002,0.5142857142857143,0.7714285714285716
1.2,0.1785,0.51,0.765
1.21,0.17702479338842975,0.5057851239669422,0.7586776859504133
1.22,0.17557377049180325,0.5016393442622951,0.7524590163934426
1.23,0.17414634146341462,0.4975609756097561,0.7463414634146341
1.24,0.17274193548387096,0.4935483870967742,0.7403225806451612
1.25,0.17135999999999998,0.4896,0.7343999999999999
1.26,0.16999999999999998,0.4857142857142857,0.7285714285714285
1.27,0.16866141732283463,0.4818897637795275,0.7228346456692913
1.28,0.16734374999999999,0.47812499999999997,0.7171875
1.29,0.16604651162790696,0.47441860465116276,0.7116279069767442
1.3,0.16476923076923075,0.4707692307692307,0.7061538461538461
1.31,0.16351145038167936,0.4671755725190839,0.7007633587786259
1.32,0.16227272727272726,0.4636363636363636,0.6954545454545454
1.33,0.16105263157894734,0.4601503759398496,0.6902255639097744
1.34,0.1598507462686567,0.4567164179104477,0.6850746268656716
1.35,0.15866666666666665,0.4533333333333333,0.6799999999999999
1.36,0.15749999999999997,0.44999999999999996,0.6749999999999999
1.37,0.15635036496350363,0.4467153284671532,0.6700729927007298
1.38,0.15521739130434783,0.44347826086956527,0.6652173913043479
1.39,0.15410071942446044,0.44028776978417267,0.660431654676259
1.4,0.153,0.43714285714285717,0.6557142857142857
1.41,0.15191489361702126,0.4340425531914894,0.6510638297872341
1.42,0.15084507042253523,0.4309859154929578,0.6464788732394366
1.43,0.1497902097902098,0.427972027972028,0.641958041958042
1.44,0.14875,0.425,0.6375
1.45,0.14772413793103448,0.4220689655172414,0.6331034482758621
1.46,0.14671232876712328,0.4191780821917808,0.6287671232876713
1.47,0.1457142857142857,0.4163265306122449,0.6244897959183673
1.48,0.14472972972972972,0.4135135135135135,0.6202702702702703
1.49,0.14375838926174495,0.41073825503355704,0.6161073825503356
1.5,0.14279999999999998,0.408,0.612
1.51,0.14185430463576157,0.4052980132450331,0.6079470198675496
1.52,0.14092105263157892,0.4026315789473684,0.6039473684210526
1.53,0.13999999999999999,0.39999999999999997,0.6
1.54,0.13909090909090907,0.39740259740259737,0.596103896103896
1.55,0.13819354838709677,0.39483870967741935,0.5922580645161291
1.56,0.1373076923076923,0.3923076923076923,0.5884615384615385
1.57,0.13643312101910826,0.3898089171974522,0.5847133757961783
1.58,0.13556962025316452,0.3873417721518987,0.5810126582278481
1.59,0.13471698113207545,0.38490566037735846,0.5773584905660377
1.6,0.13387499999999997,0.38249999999999995,0.57375
1.61,0.13304347826086954,0.38012422360248443,0.5701863354037267
1.62,0.1322222222222222,0.37777777777777777,0.5666666666666667
1.63,0.13141104294478526,0.3754601226993865,0.5631901840490797
1.64,0.13060975609756098,0.37317073170731707,0.5597560975609757
1.65,0.1298181818181818,0.3709090909090909,0.5563636363636364
1.66,0.12903614457831325,0.3686746987951807,0.553012048192771
1.67,0.1282634730538922,0.3664670658682635,0.5497005988023953
1.68,0.12749999999999997,0.36428571428571427,0.5464285714285714
1.69,0.1267455621301775,0.36213017751479293,0.5431952662721894
1.7,0.126,0.36,0.54
1.71,0.12526315789473683,0.35789473684210527,0.5368421052631579
1.72,0.12453488372093022,0.3558139534883721,0.5337209302325581
1.73,0.1238150289017341,0.353757225433526,0.530635838150289
1.74,0.12310344827586206,0.35172413793103446,0.5275862068965517
1.75,0.12239999999999998,0.3497142857142857,0.5245714285714286
1.76,0.12170454545454544,0.3477272727272727,0.5215909090909091
1.77,0.12101694915254237,0.34576271186440677,0.5186440677966102
1.78,0.12033707865168539,0.3438202247191011,0.5157303370786517
1.79,0.11966480446927373,0.3418994413407821,0.5128491620111731
1.8,0.11899999999999998,0.33999999999999997,0.51
1.81,0.11834254143646408,0.33812154696132596,0.507182320441989
1.82,0.11769230769230768,0.33626373626373623,0.5043956043956044
1.83,0.11704918032786885,0.3344262295081967,0.5016393442622951
1.84,0.11641304347826086,0.3326086956521739,0.4989130434782608
1.85,0.11578378378378376,0.33081081081081076,0.49621621621621614
1.86,0.11516129032258061,0.3290322580645161,0.4935483870967741
1.87,0.11454545454545453,0.32727272727272727,0.4909090909090909
1.88,0.11393617021276596,0.32553191489361705,0.48829787234042554
1.89,0.11333333333333333,0.3238095238095238,0.48571428571428577
1.9,0.11273684210526315,0.32210526315789473,0.4831578947368421
1.91,0.11214659685863874,0.3204188481675393,0.48062827225130894
1.92,0.11156250000000001,0.31875000000000003,0.478125
1.93,0.11098445595854922,0.3170984455958549,0.47564766839378236
1.94,0.11041237113402061,0.3154639175257732,0.4731958762886598
1.95,0.10984615384615383,0.31384615384615383,0.4707692307692307
1.96,0.10928571428571429,0.3122448979591837,0.4683673469387756
1.97,0.10873096446700507,0.31065989847715736,0.46598984771573604
1.98,0.10818181818181817,0.3090909090909091,0.4636363636363636
1.99,0.10763819095477387,0.3075376884422111,0.4613065326633166
2.0,0.10709999999999999,0.306,0.45899999999999996
2.01,0.10656716417910449,0.30447761194029854,0.4567164179104478
2.02,0.10603960396039604,0.30297029702970296,0.4544554455445544
2.03,0.10551724137931034,0.3014778325123153,0.45221674876847295
2.04,0.105,0.3,0.44999999999999996
2.05,0.10448780487804879,0.2985365853658537,0.44780487804878055
2.06,0.10398058252427182,0.29708737864077667,0.44563106796116503
2.07,0.10347826086956521,0.2956521739130435,0.4434782608695652
2.08,0.10298076923076922,0.29423076923076924,0.44134615384615383
2.09,0.10248803827751196,0.29282296650717704,0.43923444976076553
2.1,0.102,0.2914285714285714,0.43714285714285717
2.11,0.10151658767772512,0.2900473933649289,0.43507109004739336
2.12,0.10103773584905659,0.28867924528301886,0.43301886792452826
2.13,0.10056338028169014,0.28732394366197184,0.4309859154929577
2.14,0.10009345794392523,0.28598130841121494,0.4289719626168224
2.15,0.09962790697674419,0.2846511627906977,0.42697674418604653
2.16,0.09916666666666665,0.2833333333333333,0.425
2.17,0.09870967741935484,0.2820276497695853,0.4230414746543779
2.18,0.09825688073394494,0.2807339449541284,0.4211009174311926
2.19,0.09780821917808219,0.27945205479452057,0.4191780821917809
2.2,0.09736363636363635,0.27818181818181814,0.41727272727272724
2.21,0.09692307692307692,0.27692307692307694,0.4153846153846154
2.22,0.09648648648648647,0.27567567567567564,0.41351351351351345
2.23,0.09605381165919281,0.27443946188340806,0.4116591928251121
2.24,0.09562499999999999,0.2732142857142857,0.40982142857142856
2.25,0.0952,0.272,0.40800000000000003
2.26,0.0947787610619469,0.27079646017699116,0.4061946902654867
2.27,0.09436123348017621,0.2696035242290749,0.4044052863436124
2.28,0.09394736842105263,0.26842105263157895,0.40263157894736845
2.29,0.09353711790393011,0.2672489082969432,0.4008733624454148
2.3,0.0931304347826087,0.26608695652173914,0.3991304347826087
2.31,0.09272727272727271,0.2649350649350649,0.39740259740259737
2.32,0.09232758620689656,0.2637931034482759,0.39568965517241383
2.33,0.09193133047210299,0.26266094420600855,0.3939914163090128
2.34,0.09153846153846154,0.26153846153846155,0.39230769230769236
2.35,0.09114893617021275,0.2604255319148936,0.3906382978723404
2.36,0.09076271186440678,0.2593220338983051,0.38898305084745766
2.37,0.09037974683544303,0.2582278481012658,0.3873417721518987
2.38,0.09000000000000001,0.2571428571428572,0.3857142857142858
2.39,0.08962343096234307,0.2560669456066945,0.3841004184100418
2.4,0.08925,0.255,0.3825
2.41,0.08887966804979253,0.25394190871369293,0.3809128630705394
2.42,0.08851239669421487,0.2528925619834711,0.37933884297520665
2.43,0.08814814814814813,0.2518518518518518,0.37777777777777777
2.44,0.08778688524590163,0.25081967213114753,0.3762295081967213
2.45,0.08742857142857141,0.2497959183673469,0.37469387755102035
2.46,0.08707317073170731,0.24878048780487805,0.37317073170731707
2.47,0.08672064777327934,0.2477732793522267,0.37165991902834006
2.48,0.08637096774193548,0.2467741935483871,0.3701612903225806
2.49,0.08602409638554216,0.24578313253012046,0.36867469879518067
2.5,0.08567999999999999,0.2448,0.36719999999999997
2.51,0.0853386454183267,0.24382470119521915,0.3657370517928287
2.52,0.08499999999999999,0.24285714285714285,0.36428571428571427
2.53,0.08466403162055336,0.24189723320158105,0.36284584980237156
2.54,0.08433070866141731,0.24094488188976376,0.36141732283464567
2.55,0.084,0.24000000000000002,0.36000000000000004
2.56,0.08367187499999999,0.23906249999999998,0.35859375
2.57,0.08334630350194552,0.23813229571984437,0.35719844357976654
2.58,0.08302325581395348,0.23720930232558138,0.3558139534883721
2.59,0.0827027027027027,0.2362934362934363,0.3544401544401544
2.6,0.08238461538461538,0.23538461538461536,0.35307692307692307
2.61,0.08206896551724137,0.23448275862068965,0.35172413793103446
2.62,0.08175572519083968,0.23358778625954196,0.35038167938931297
2.63,0.08144486692015208,0.23269961977186313,0.3490494296577947
2.64,0.08113636363636363,0.2318181818181818,0.3477272727272727
2.65,0.08083018867924528,0.2309433962264151,0.34641509433962264
2.66,0.08052631578947367,0.2300751879699248,0.3451127819548872
2.67,0.08022471910112358,0.2292134831460674,0.3438202247191011
2.68,0.07992537313432835,0.22835820895522385,0.3425373134328358
2.69,0.07962825278810409,0.2275092936802974,0.3412639405204461
2.7,0.07933333333333333,0.22666666666666666,0.33999999999999997
2.71,0.07904059040590405,0.22583025830258302,0.3387453874538745
2.72,0.07874999999999999,0.22499999999999998,0.33749999999999997
2.73,0.07846153846153846,0.22417582417582418,0.3362637362637363
2.74,0.07817518248175181,0.2233576642335766,0.3350364963503649
2.75,0.07789090909090908,0.22254545454545455,0.3338181818181818
2.76,0.07760869565217392,0.22173913043478263,0.33260869565217394
2.77,0.07732851985559566,0.22093862815884477,0.33140794223826714
2.78,0.07705035971223022,0.22014388489208633,0.3302158273381295
2.79,0.07677419354838709,0.21935483870967742,0.32903225806451614
2.8,0.0765,0.21857142857142858,0.32785714285714285
2.81,0.07622775800711742,0.2177935943060498,0.3266903914590747
2.82,0.07595744680851063,0.2170212765957447,0.32553191489361705
2.83,0.07568904593639575,0.21625441696113074,0.32438162544169613
2.84,0.07542253521126761,0.2154929577464789,0.3232394366197183
2.85,0.07515789473684209,0.21473684210526314,0.32210526315789473
2.86,0.0748951048951049,0.213986013986014,0.320979020979021
2.87,0.07463414634146341,0.2132404181184669,0.31986062717770036
2.88,0.074375,0.2125,0.31875
2.89,0.07411764705882352,0.21176470588235294,0.3176470588235294
2.9,0.07386206896551724,0.2110344827586207,0.31655172413793103
2.91,0.07360824742268039,0.21030927835051544,0.3154639175257732
2.92,0.07335616438356164,0.2095890410958904,0.31438356164383563
2.93,0.07310580204778155,0.20887372013651875,0.31331058020477814
2.94,0.07285714285714286,0.20816326530612245,0.31224489795918364
2.95,0.0726101694915254,0.20745762711864404,0.3111864406779661
2.96,0.07236486486486486,0.20675675675675675,0.31013513513513513
2.97,0.07212121212121211,0.20606060606060606,0.3090909090909091
2.98,0.07187919463087247,0.20536912751677852,0.3080536912751678
2.99,0.07163879598662205,0.2046822742474916,0.3070234113712374
3.0,0.07139999999999999,0.204,0.306
3.01,0.07116279069767442,0.20332225913621263,0.30498338870431896
3.02,0.07092715231788078,0.20264900662251656,0.3039735099337748
3.03,0.07069306930693069,0.201980198019802,0.302970297029703
3.04,0.07046052631578946,0.2013157894736842,0.3019736842105263
3.05,0.07022950819672132,0.20065573770491804,0.30098360655737705
3.06,0.06999999999999999,0.19999999999999998,0.3
3.07,0.06977198697068403,0.1993485342019544,0.2990228013029316
3.08,0.06954545454545454,0.19870129870129868,0.298051948051948
3.09,0.06932038834951457,0.19805825242718447,0.2970873786407767
3.1,0.06909677419354839,0.19741935483870968,0.29612903225806453
3.11,0.06887459807073955,0.19678456591639873,0.2951768488745981
3.12,0.06865384615384615,0.19615384615384615,0.29423076923076924
3.13,0.06843450479233226,0.19552715654952077,0.29329073482428114
3.14,0.06821656050955413,0.1949044585987261,0.29235668789808916
3.15,0.06799999999999999,0.19428571428571428,0.2914285714285714
3.16,0.06778481012658226,0.19367088607594934,0.29050632911392404
3.17,0.06757097791798107,0.19305993690851736,0.28958990536277607
3.18,0.06735849056603772,0.19245283018867923,0.28867924528301886
3.19,0.0671473354231975,0.19184952978056427,0.2877742946708464
3.2,0.06693749999999998,0.19124999999999998,0.286875
3.21,0.06672897196261682,0.19065420560747665,0.28598130841121494
3.22,0.06652173913043477,0.19006211180124222,0.2850931677018633
3.23,0.0663157894736842,0.18947368421052632,0.28421052631578947
3.24,0.0661111111111111,0.18888888888888888,0.2833333333333333
3.25,0.0659076923076923,0.18830769230769231,0.2824615384615385
3.26,0.06570552147239263,0.18773006134969325,0.28159509202453986
3.27,0.06550458715596329,0.18715596330275228,0.2807339449541284
3.28,0.06530487804878049,0.18658536585365854,0.27987804878048783
3.29,0.0651063829787234,0.18601823708206686,0.27902735562310027
3.3,0.0649090909090909,0.18545454545454546,0.2781818181818182
3.31,0.06471299093655589,0.18489425981873112,0.2773413897280967
3.32,0.06451807228915662,0.18433734939759036,0.2765060240963855
3.33,0.06432432432432432,0.18378378378378377,0.27567567567567564
3.34,0.0641317365269461,0.18323353293413175,0.27485029940119765
3.35,0.06394029850746269,0.1826865671641791,0.2740298507462687
3.36,0.06374999999999999,0.18214285714285713,0.2732142857142857
3.37,0.06356083086053411,0.18160237388724035,0.27240356083086054
3.38,0.06337278106508876,0.18106508875739646,0.2715976331360947
3.39,0.0631858407079646,0.18053097345132743,0.27079646017699116
3.4,0.063,0.18,0.27
3.41,0.06281524926686216,0.17947214076246334,0.26920821114369503
3.42,0.06263157894736841,0.17894736842105263,0.26842105263157895
3.43,0.06244897959183673,0.17842565597667637,0.26763848396501455
3.44,0.06226744186046511,0.17790697674418604,0.26686046511627903
3.45,0.06208695652173912,0.17739130434782607,0.2660869565217391
3.46,0.06190751445086705,0.176878612716763,0.2653179190751445
3.47,0.06172910662824207,0.17636887608069163,0.26455331412103744
3.48,0.06155172413793103,0.17586206896551723,0.26379310344827583
3.49,0.0613753581661891,0.17535816618911174,0.2630372492836676
3.5,0.06119999999999999,0.17485714285714285,0.2622857142857143
3.51,0.06102564102564103,0.17435897435897438,0.26153846153846155
3.52,0.06085227272727272,0.17386363636363636,0.26079545454545455
3.53,0.06067988668555241,0.17337110481586404,0.26005665722379606
3.54,0.06050847457627118,0.17288135593220338,0.2593220338983051
3.55,0.06033802816901408,0.1723943661971831,0.25859154929577466
3.56,0.06016853932584269,0.17191011235955056,0.25786516853932584
3.57,0.06,0.17142857142857143,0.2571428571428571
3.58,0.059832402234636865,0.17094972067039105,0.25642458100558657
3.59,0.059665738161559886,0.17047353760445683,0.25571030640668524
3.6,0.05949999999999999,0.16999999999999998,0.255
3.61,0.05933518005540166,0.16952908587257617,0.25429362880886425
3.62,0.05917127071823204,0.16906077348066298,0.2535911602209945
3.63,0.059008264462809906,0.16859504132231404,0.25289256198347104
3.64,0.05884615384615384,0.16813186813186812,0.2521978021978022
3.65,0.05868493150684931,0.16767123287671232,0.2515068493150685
3.66,0.05852459016393442,0.16721311475409836,0.25081967213114753
3.67,0.05836512261580381,0.1667574931880109,0.2501362397820163
3.68,0.05820652173913043,0.16630434782608694,0.2494565217391304
3.69,0.058048780487804874,0.16585365853658537,0.24878048780487805
3.7,0.05789189189189188,0.16540540540540538,0.24810810810810807
3.71,0.057735849056603776,0.16495956873315365,0.24743935309973047
3.72,0.05758064516129031,0.16451612903225804,0.24677419354838706
3.73,0.05742627345844504,0.1640750670241287,0.24611260053619305
3.74,0.05727272727272727,0.16363636363636364,0.24545454545454545
3.75,0.05711999999999999,0.16319999999999998,0.24479999999999996
3.76,0.05696808510638298,0.16276595744680852,0.24414893617021277
3.77,0.05681697612732095,0.1623342175066313,0.24350132625994694
3.78,0.056666666666666664,0.1619047619047619,0.24285714285714288
3.79,0.056517150395778364,0.16147757255936676,0.24221635883905013
3.8,0.056368421052631575,0.16105263157894736,0.24157894736842106
3.81,0.05622047244094488,0.16062992125984252,0.24094488188976376
3.82,0.05607329842931937,0.16020942408376965,0.24031413612565447
3.83,0.05592689295039164,0.1597911227154047,0.23968668407310703
3.84,0.055781250000000004,0.15937500000000002,0.2390625
3.85,0.05563636363636362,0.15896103896103894,0.2384415584415584
3.86,0.05549222797927461,0.15854922279792746,0.23782383419689118
3.87,0.05534883720930232,0.15813953488372093,0.2372093023255814
3.88,0.055206185567010305,0.1577319587628866,0.2365979381443299
3.89,0.05506426735218509,0.15732647814910025,0.23598971722365036
3.9,0.054923076923076915,0.15692307692307692,0.23538461538461536
3.91,0.054782608695652164,0.15652173913043477,0.23478260869565215
3.92,0.054642857142857146,0.15612244897959185,0.2341836734693878
3.93,0.05450381679389313,0.15572519083969466,0.233587786259542
3.94,0.054365482233502536,0.15532994923857868,0.23299492385786802
3.95,0.05422784810126581,0.15493670886075947,0.2324050632911392
3.96,0.054090909090909085,0.15454545454545454,0.2318181818181818
3.97,0.053954659949622154,0.15415617128463474,0.2312342569269521
3.98,0.05381909547738693,0.15376884422110554,0.2306532663316583
3.99,0.053684210526315786,0.15338345864661654,0.23007518796992482
4.0,0.05354999999999999,0.153,0.22949999999999998
4.01,0.053416458852867825,0.15261845386533665,0.22892768079800496
4.02,0.053283582089552244,0.15223880597014927,0.2283582089552239
4.03,0.05315136476426798,0.1518610421836228,0.2277915632754342
4.04,0.05301980198019802,0.15148514851485148,0.2272277227722772
4.05,0.05288888888888889,0.1511111111111111,0.22666666666666668
4.06,0.05275862068965517,0.15073891625615765,0.22610837438423648
4.07,0.05262899262899262,0.15036855036855035,0.22555282555282552
4.08,0.0525,0.15,0.22499999999999998
4.09,0.052243590126792645,0.1492674003622647,0.22390110054339707
4.1,0.05198905413444378,0.14854015466983939,0.22281023200475908
4.11,0.05173637380787468,0.14781821087964195,0.2217273163194629
4.12,0.0514855311527948,0.14710151757941373,0.2206522763691206
4.13,0.051236508392498055,0.14639002397856588,0.2195850359678488
4.14,0.050989287964713303,0.14568367989918088,0.21852551984877133
4.15,0.05074385251850776,0.14498243576716502,0.21747365365074753
4.16,0.05050018491124259,0.14428624260355027,0.2164293639053254
4.17,0.05025826820557942,0.14359505201594122,0.21539257802391182
4.18,0.05001808566653695,0.14290881619010556,0.21436322428515836
4.19,0.04977962075859672,0.14222748788170492,0.21334123182255738
4.2,0.04954285714285714,0.14155102040816325,0.21232653061224488
4.21,0.04930777867423451,0.14087936764067005,0.21131905146100508
4.22,0.049074369398710724,0.14021248399631636,0.21031872599447454
4.23,0.04884261355062621,0.1395503244303606,0.2093254866455409
4.24,0.04861249555001779,0.13889284442862226,0.2083392666429334
4.25,0.048383999999999996,0.13824,0.20736
4.26,0.04815711168418965,0.1375917476691133,0.20638762150366996
4.27,0.04793181556417247,0.1369480444690642,0.2054220667035963
4.28,0.04770809677701109,0.1363088479343174,0.20446327190147612
4.29,0.04748594063279377,0.1356741160936965,0.20351117414054476
4.3,0.04726533261222282,0.1350438074634938,0.2025657111952407
4.31,0.047046258364242234,0.1344178810406921,0.20162682156103817
4.32,0.04682870370370369,0.13379629629629627,0.2006944444444444
4.33,0.0466126546090704,0.1331790131687726,0.1997685197531589
4.34,0.04639809722015757,0.13256599205759306,0.1988489880863896
4.35,0.04618501783590964,0.1319571938168847,0.19793579072532705
4.36,0.045973402912212774,0.13135257974917935,0.19702886962376903
4.37,0.04576323905974268,0.1307521115992648,0.1961281673988972
4.38,0.045554513041846496,0.13015575154813286,0.1952336273221993
4.39,0.04534721177245863,0.12956346220702467,0.194345193310537
4.4,0.045141322314049576,0.12897520661157022,0.19346280991735532
4.41,0.04493683187560738,0.1283909482160211,0.19258642232403164
4.42,0.04473372781065088,0.12781065088757396,0.19171597633136095
4.43,0.04453199761527448,0.12723427890078423,0.19085141835117636
4.44,0.04433162892622351,0.1266617969320672,0.1899926953981008
4.45,0.04413260951900012,0.12609317005428605,0.18913975508142908
4.46,0.04393492730599851,0.12552836373142431,0.18829254559713648
4.47,0.04373857033466961,0.12496734381334175,0.18745101572001263
4.48,0.04354352678571428,0.12441007653061223,0.18661511479591836
4.49,0.0433497849713047,0.123856528489442,0.18578479273416298
4.5,0.04315733333333333,0.12330666666666668,0.18496
4.51,0.04296616044168908,0.12276045840482594,0.1841406876072389
4.52,0.04277625499256012,0.12221787140731462,0.18332680711097193
4.53,0.04258760580676286,0.12167887373360817,0.18251831060041224
4.54,0.042400201828096805,0.1211434337945623,0.18171515069184346
4.55,0.042214032121724435,0.1206115203477841,0.18091728052167616
4.56,0.042029085872576186,0.12008310249307481,0.18012465373961223
4.57,0.04184535238377966,0.1195581496679419,0.17933722450191286
4.58,0.04166282107511298,0.11903663164317994,0.1785549474647699
4.59,0.04148148148148149,0.11851851851851854,0.1777777777777778
4.6,0.041301323251417776,0.1180037807183365,0.17700567107750476
4.61,0.04112233614560443,0.11749238898744123,0.17623858348116184
4.62,0.04094451003541912,0.11698431438691179,0.17547647158036767
4.63,0.04076783490150162,0.11647952829000463,0.17471929243500695
4.64,0.04059230083234245,0.1159780023781213,0.17396700356718195
4.65,0.04041789802289281,0.11547970863683663,0.17321956295525492
4.66,0.0402446167731953,0.11498461935198659,0.1724769290279799
4.67,0.04007244748703512,0.11449270710581462,0.17173906065872194
4.68,0.03990138067061144,0.11400394477317556,0.17100591715976335
4.69,0.039731406931228716,0.11351830551779633,0.1702774582766945
4.7,0.03956251697600723,0.1130357627885921,0.16955364418288815
4.71,0.039394701610613,0.11255629031603716,0.16883443547405574
4.72,0.03922795173800632,0.1120798621085895,0.16811979316288425
4.73,0.03906225835720893,0.11160645244916839,0.1674096786737526
4.74,0.03889761256208941,0.11113603589168403,0.16670405383752604
4.75,0.038734005540166205,0.11066858725761773,0.1660028808864266
4.76,0.03857142857142857,0.11020408163265306,0.1653061224489796
4.77,0.03840987302717456,0.1097424943633559,0.16461374154503383
4.78,0.03824933036886609,0.10928380105390312,0.16392570158085468
4.79,0.038089792147000756,0.10882797756285931,0.16324196634428895
4.8,0.03793125,0.10837500000000001,0.16256250000000003
4.81,0.03777369565311354,0.10792484472318155,0.16188726708477233
4.82,0.037617120917339576,0.10747748833525593,0.1612162325028839
4.83,0.037461517688360785,0.10703290768103083,0.16054936152154625
4.84,0.037306877945495524,0.10659107984427293,0.1598866197664094
4.85,0.03715319375066426,0.10615198214475503,0.15922797321713256
4.86,0.037000457247370826,0.10571559213534522,0.15857338820301783
4.87,0.03684866065969836,0.10528188759913816,0.15792283139870725
4.88,0.036697796291319536,0.10485084654662725,0.1572762698199409
4.89,0.03654785652452107,0.10442244721291734,0.15663367081937601
4.9,0.03639883381924198,0.10399666805497708,0.1559950020824656
4.91,0.036250720712125796,0.10357348774893085,0.1553602316233963
4.92,0.03610350981558596,0.10315288518738847,0.1547293277810827
4.93,0.03595719381688466,0.10273483947681333,0.15410225921522
4.94,0.035811765477224665,0.10231932993492762,0.15347899490239142
4.95,0.03566721763085399,0.10190633608815426,0.1528595041322314
4.96,0.03552354318418314,0.10149583766909469,0.15224375650364202
4.97,0.035380735114914845,0.10108781461404241,0.1516317219210636
4.98,0.035238786471185946,0.10068224706053128,0.1510233705907969
4.99,0.0350976903707214,0.10027911534491829,0.15041867301737744
5.0,0.03495744,0.0998784,0.1498176
