case_id,step,strain,stress_mpa,tangent_mpa,branch,loading_direction,stress_state,reversal,in_domain,failed,compression_policy,ultimate_strain,current_R,xi,source,calibration_status,source_location,warnings
COL75X75FC28MPa,0,0.0,0.0,200000.0,menegotto_pinto_transition,stationary,zero,False,True,False,history_dependent,,12.0,0.0,OpenSees Steel02 formulation,synthetic_algorithm_verification_only,Synthetic algorithm-verification parameters; not an NTC 5806 calibration,
COL75X75FC28MPa,1,3.3333333333333335e-05,6.666666666666666,200000.0,menegotto_pinto_transition,positive,tension,False,True,False,history_dependent,,12.0,0.0,OpenSees Steel02 formulation,synthetic_algorithm_verification_only,Synthetic algorithm-verification parameters; not an NTC 5806 calibration,
COL75X75FC28MPa,2,6.666666666666667e-05,13.333333333333332,200000.0,menegotto_pinto_transition,positive,tension,False,True,False,history_dependent,,12.0,0.0,OpenSees Steel02 formulation,synthetic_algorithm_verification_only,Synthetic algorithm-verification parameters; not an NTC 5806 calibration,
COL75X75FC28MPa,3,0.0001,20.0,200000.0,menegotto_pinto_transition,positive,tension,False,True,False,history_dependent,,12.0,0.0,OpenSees Steel02 formulation,synthetic_algorithm_verification_only,Synthetic algorithm-verification parameters; not an NTC 5806 calibration,
COL75X75FC28MPa,4,0.00013333333333333334,26.666666666666664,199999.9999999999,menegotto_pinto_transition,positive,tension,False,True,False,history_dependent,,12.0,0.0,OpenSees Steel02 formulation,synthetic_algorithm_verification_only,Synthetic algorithm-verification parameters; not an NTC 5806 calibration,
COL75X75FC28MPa,5,0.0001666666666666667,33.33333333333332,199999.99999999834,menegotto_pinto_transition,positive,tension,False,True,False,history_dependent,,12.0,0.0,OpenSees Steel02 formulation,synthetic_algorithm_verification_only,Synthetic algorithm-verification parameters; not an NTC 5806 calibration,
COL75X75FC28MPa,6,0.0002,39.99999999999977,199999.99999998527,menegotto_pinto_transition,positive,tension,False,True,False,history_dependent,,12.0,0.0,OpenSees Steel02 formulation,synthetic_algorithm_verification_only,Synthetic algorithm-verification parameters; not an NTC 5806 calibration,
COL75X75FC28MPa,7,0.00023333333333333333,46.66666666666498,199999.9999999063,menegotto_pinto_transition,positive,tension,False,True,False,history_dependent,,12.0,0.0,OpenSees Steel02 formulation,synthetic_algorithm_verification_only,Synthetic algorithm-verification parameters; not an NTC 5806 calibration,
COL75X75FC28MPa,8,0.0002666666666666667,53.333333333323786,199999.9999995347,menegotto_pinto_transition,positive,tension,False,True,False,history_dependent,,12.0,0.0,OpenSees Steel02 formulation,synthetic_algorithm_verification_only,Synthetic algorithm-verification parameters; not an NTC 5806 calibration,
COL75X75FC28MPa,9,0.00030000000000000003,59.999999999955875,199999.9999980875,menegotto_pinto_transition,positive,tension,False,True,False,history_dependent,,12.0,0.0,OpenSees Steel02 formulation,synthetic_algorithm_verification_only,Synthetic algorithm-verification parameters; not an NTC 5806 calibration,
COL75X75FC28MPa,10,0.0003333333333333334,66.66666666649306,199999.9999932284,menegotto_pinto_transition,positive,tension,False,True,False,history_dependent,,12.0,0.0,OpenSees Steel02 formulation,synthetic_algorithm_verification_only,Synthetic algorithm-verification parameters; not an NTC 5806 calibration,
COL75X75FC28MPa,11,0.00036666666666666667,73.33333333273391,199999.9999787478,menegotto_pinto_transition,positive,tension,False,True,False,history_dependent,,12.0,0.0,OpenSees Steel02 formulation,synthetic_algorithm_verification_only,Synthetic algorithm-verification parameters; not an NTC 5806 calibration,
COL75X75FC28MPa,12,0.0004,79.99999999814227,199999.99993962358,menegotto_pinto_transition,positive,tension,False,True,False,history_dependent,,12.0,0.0,OpenSees Steel02 formulation,synthetic_algorithm_verification_only,Synthetic algorithm-verification parameters; not an NTC 5806 calibration,
COL75X75FC28MPa,13,0.00043333333333333337,86.6666666614078,199999.99984223436,menegotto_pinto_transition,positive,tension,False,True,False,history_dependent,,12.0,0.0,OpenSees Steel02 formulation,synthetic_algorithm_verification_only,Synthetic algorithm-verification parameters; not an NTC 5806 calibration,
COL75X75FC28MPa,14,0.00046666666666666666,93.33333331955195,199999.99961609073,menegotto_pinto_transition,positive,tension,False,True,False,history_dependent,,12.0,0.0,OpenSees Steel02 formulation,synthetic_algorithm_verification_only,Synthetic algorithm-verification parameters; not an NTC 5806 calibration,
COL75X75FC28MPa,15,0.0005,99.999999966208,199999.99912140798,menegotto_pinto_transition,positive,tension,False,True,False,history_dependent,,12.0,0.0,OpenSees Steel02 formulation,synthetic_algorithm_verification_only,Synthetic algorithm-verification parameters; not an NTC 5806 calibration,
COL75X75FC28MPa,16,0.0005333333333333334,106.66666658847015,199999.99809396034,menegotto_pinto_transition,positive,tension,False,True,False,history_dependent,,12.0,0.0,OpenSees Steel02 formulation,synthetic_algorithm_verification_only,Synthetic algorithm-verification parameters; not an NTC 5806 calibration,
COL75X75FC28MPa,17,0.0005666666666666667,113.33333316135905,199999.9960547077,menegotto_pinto_transition,positive,tension,False,True,False,history_dependent,,12.0,0.0,OpenSees Steel02 formulation,synthetic_algorithm_verification_only,Synthetic algorithm-verification parameters; not an NTC 5806 calibration,
COL75X75FC28MPa,18,0.0006000000000000001,119.99999963844859,199999.99216638575,menegotto_pinto_transition,positive,tension,False,True,False,history_dependent,,12.0,0.0,OpenSees Steel02 formulation,synthetic_algorithm_verification_only,Synthetic algorithm-verification parameters; not an NTC 5806 calibration,
COL75X75FC28MPa,19,0.0006333333333333334,126.66666593649612,199999.98501228882,menegotto_pinto_transition,positive,tension,False,True,False,history_dependent,,12.0,0.0,OpenSees Steel02 formulation,synthetic_algorithm_verification_only,Synthetic algorithm-verification parameters; not an NTC 5806 calibration,
COL75X75FC28MPa,20,0.0006666666666666668,133.33333191094744,199999.97226347652,menegotto_pinto_transition,positive,tension,False,True,False,history_dependent,,12.0,0.0,OpenSees Steel02 formulation,synthetic_algorithm_verification_only,Synthetic algorithm-verification parameters; not an NTC 5806 calibration,
COL75X75FC28MPa,21,0.0007,139.99999731787938,199999.95018919423,menegotto_pinto_transition,positive,tension,False,True,False,history_dependent,,12.0,0.0,OpenSees Steel02 formulation,synthetic_algorithm_verification_only,Synthetic algorithm-verification parameters; not an NTC 5806 calibration,
COL75X75FC28MPa,22,0.0007333333333333333,146.66666175620543,199999.91295093266,menegotto_pinto_transition,positive,tension,False,True,False,history_dependent,,12.0,0.0,OpenSees Steel02 formulation,synthetic_algorithm_verification_only,Synthetic algorithm-verification parameters; not an NTC 5806 calibration,
COL75X75FC28MPa,23,0.0007666666666666667,153.33332458169755,199999.85160274926,menegotto_pinto_transition,positive,tension,False,True,False,history_dependent,,12.0,0.0,OpenSees Steel02 formulation,synthetic_algorithm_verification_only,Synthetic algorithm-verification parameters; not an NTC 5806 calibration,
COL75X75FC28MPa,24,0.0008,159.99998478144565,199999.75269863423,menegotto_pinto_transition,positive,tension,False,True,False,history_dependent,,12.0,0.0,OpenSees Steel02 formulation,synthetic_algorithm_verification_only,Synthetic algorithm-verification parameters; not an NTC 5806 calibration,
COL75X75FC28MPa,25,0.0008333333333333334,166.66664079364224,199999.59638119835,menegotto_pinto_transition,positive,tension,False,True,False,history_dependent,,12.0,0.0,OpenSees Steel02 formulation,synthetic_algorithm_verification_only,Synthetic algorithm-verification parameters; not an NTC 5806 calibration,
COL75X75FC28MPa,26,0.0008666666666666667,173.33329025287213,199999.35379405582,menegotto_pinto_transition,positive,tension,False,True,False,history_dependent,,12.0,0.0,OpenSees Steel02 formulation,synthetic_algorithm_verification_only,Synthetic algorithm-verification parameters; not an NTC 5806 calibration,
COL75X75FC28MPa,27,0.0009000000000000001,179.99992963521774,199998.98362221956,menegotto_pinto_transition,positive,tension,False,True,False,history_dependent,,12.0,0.0,OpenSees Steel02 formulation,synthetic_algorithm_verification_only,Synthetic algorithm-verification parameters; not an NTC 5806 calibration,
COL75X75FC28MPa,28,0.0009333333333333333,186.6665537702359,199998.42751976455,menegotto_pinto_transition,positive,tension,False,True,False,history_dependent,,12.0,0.0,OpenSees Steel02 formulation,synthetic_algorithm_verification_only,Synthetic algorithm-verification parameters; not an NTC 5806 calibration,
COL75X75FC28MPa,29,0.0009666666666666667,193.33315517798118,199997.60413105885,menegotto_pinto_transition,positive,tension,False,True,False,history_dependent,,12.0,0.0,OpenSees Steel02 formulation,synthetic_algorithm_verification_only,Synthetic algorithm-verification parameters; not an NTC 5806 calibration,
COL75X75FC28MPa,30,0.001,199.99972317845166,199996.40135005896,menegotto_pinto_transition,positive,tension,False,True,False,history_dependent,,12.0,0.0,OpenSees Steel02 formulation,synthetic_algorithm_verification_only,Synthetic algorithm-verification parameters; not an NTC 5806 calibration,
COL75X75FC28MPa,31,0.0011,219.99904435550806,199988.70631696485,menegotto_pinto_transition,positive,tension,False,True,False,history_dependent,,12.0,0.0,OpenSees Steel02 formulation,synthetic_algorithm_verification_only,Synthetic algorithm-verification parameters; not an NTC 5806 calibration,
COL75X75FC28MPa,32,0.0012000000000000001,239.99703841056836,199967.91851385782,menegotto_pinto_transition,positive,tension,False,True,False,history_dependent,,12.0,0.0,OpenSees Steel02 formulation,synthetic_algorithm_verification_only,Synthetic algorithm-verification parameters; not an NTC 5806 calibration,
COL75X75FC28MPa,33,0.0013,259.991617462898,199916.19100626122,menegotto_pinto_transition,positive,tension,False,True,False,history_dependent,,12.0,0.0,OpenSees Steel02 formulation,synthetic_algorithm_verification_only,Synthetic algorithm-verification parameters; not an NTC 5806 calibration,
COL75X75FC28MPa,34,0.0014,279.9780393778779,199796.17684027023,menegotto_pinto_transition,positive,tension,False,True,False,history_dependent,,12.0,0.0,OpenSees Steel02 formulation,synthetic_algorithm_verification_only,Synthetic algorithm-verification parameters; not an NTC 5806 calibration,
COL75X75FC28MPa,35,0.0015,299.9461880652434,199534.13655761332,menegotto_pinto_transition,positive,tension,False,True,False,history_dependent,,12.0,0.0,OpenSees Steel02 formulation,synthetic_algorithm_verification_only,Synthetic algorithm-verification parameters; not an NTC 5806 calibration,
COL75X75FC28MPa,36,0.0016,319.87564738349135,198992.0111438632,menegotto_pinto_transition,positive,tension,False,True,False,history_dependent,,12.0,0.0,OpenSees Steel02 formulation,synthetic_algorithm_verification_only,Synthetic algorithm-verification parameters; not an NTC 5806 calibration,
COL75X75FC28MPa,37,0.0017000000000000001,339.7272593717889,197924.44615093293,menegotto_pinto_transition,positive,tension,False,True,False,history_dependent,,12.0,0.0,OpenSees Steel02 formulation,synthetic_algorithm_verification_only,Synthetic algorithm-verification parameters; not an NTC 5806 calibration,
COL75X75FC28MPa,38,0.0018,359.42954969282687,195919.41564431085,menegotto_pinto_transition,positive,tension,False,True,False,history_dependent,,12.0,0.0,OpenSees Steel02 formulation,synthetic_algorithm_verification_only,Synthetic algorithm-verification parameters; not an NTC 5806 calibration,
COL75X75FC28MPa,39,0.0019000000000000002,378.8587002837726,192331.6797188629,menegotto_pinto_transition,positive,tension,False,True,False,history_dependent,,12.0,0.0,OpenSees Steel02 formulation,synthetic_algorithm_verification_only,Synthetic algorithm-verification parameters; not an NTC 5806 calibration,
COL75X75FC28MPa,40,0.002,397.8128433240711,186245.18870322438,menegotto_pinto_transition,positive,tension,False,True,False,history_dependent,,12.0,0.0,OpenSees Steel02 formulation,synthetic_algorithm_verification_only,Synthetic algorithm-verification parameters; not an NTC 5806 calibration,
COL75X75FC28MPa,41,0.0021000000000000003,415.98730282479085,176548.15092622556,menegotto_pinto_transition,positive,tension,False,True,False,history_dependent,,12.0,0.0,OpenSees Steel02 formulation,synthetic_algorithm_verification_only,Synthetic algorithm-verification parameters; not an NTC 5806 calibration,
COL75X75FC28MPa,42,0.0022,432.96811978646065,162243.73851361006,menegotto_pinto_transition,positive,tension,False,True,False,history_dependent,,12.0,0.0,OpenSees Steel02 formulation,synthetic_algorithm_verification_only,Synthetic algorithm-verification parameters; not an NTC 5806 calibration,
COL75X75FC28MPa,43,0.0023,448.27130914669056,143043.584119207,menegotto_pinto_transition,positive,tension,False,True,False,history_dependent,,12.0,0.0,OpenSees Steel02 formulation,synthetic_algorithm_verification_only,Synthetic algorithm-verification parameters; not an NTC 5806 calibration,
COL75X75FC28MPa,44,0.0024000000000000002,461.44644482752625,119981.1501398158,menegotto_pinto_transition,positive,tension,False,True,False,history_dependent,,12.0,0.0,OpenSees Steel02 formulation,synthetic_algorithm_verification_only,Synthetic algorithm-verification parameters; not an NTC 5806 calibration,
COL75X75FC28MPa,45,0.0025,472.2177847774383,95443.55695548766,menegotto_pinto_transition,positive,tension,False,True,False,history_dependent,,12.0,0.0,OpenSees Steel02 formulation,synthetic_algorithm_verification_only,Synthetic algorithm-verification parameters; not an NTC 5806 calibration,
COL75X75FC28MPa,46,0.0026,480.58235808154626,72294.92644792657,menegotto_pinto_transition,positive,tension,False,True,False,history_dependent,,12.0,0.0,OpenSees Steel02 formulation,synthetic_algorithm_verification_only,Synthetic algorithm-verification parameters; not an NTC 5806 calibration,
COL75X75FC28MPa,47,0.0027,486.79608218244385,52678.28994408196,menegotto_pinto_transition,positive,tension,False,True,False,history_dependent,,12.0,0.0,OpenSees Steel02 formulation,synthetic_algorithm_verification_only,Synthetic algorithm-verification parameters; not an NTC 5806 calibration,
COL75X75FC28MPa,48,0.0028000000000000004,491.26478562131524,37427.401893822775,menegotto_pinto_transition,positive,tension,False,True,False,history_dependent,,12.0,0.0,OpenSees Steel02 formulation,synthetic_algorithm_verification_only,Synthetic algorithm-verification parameters; not an NTC 5806 calibration,
COL75X75FC28MPa,49,0.0029,494.41930692691915,26291.92031194993,menegotto_pinto_transition,positive,tension,False,True,False,history_dependent,,12.0,0.0,OpenSees Steel02 formulation,synthetic_algorithm_verification_only,Synthetic algorithm-verification parameters; not an NTC 5806 calibration,
COL75X75FC28MPa,50,0.003,496.63444568000807,18492.855843895064,menegotto_pinto_transition,positive,tension,False,True,False,history_dependent,,12.0,0.0,OpenSees Steel02 formulation,synthetic_algorithm_verification_only,Synthetic algorithm-verification parameters; not an NTC 5806 calibration,
COL75X75FC28MPa,51,0.0031000000000000003,498.20009146308684,13165.111964258878,menegotto_pinto_transition,positive,tension,False,True,False,history_dependent,,12.0,0.0,OpenSees Steel02 formulation,synthetic_algorithm_verification_only,Synthetic algorithm-verification parameters; not an NTC 5806 calibration,
COL75X75FC28MPa,52,0.0032,499.32508250753676,9572.162582511824,menegotto_pinto_transition,positive,tension,False,True,False,history_dependent,,12.0,0.0,OpenSees Steel02 formulation,synthetic_algorithm_verification_only,Synthetic algorithm-verification parameters; not an NTC 5806 calibration,
COL75X75FC28MPa,53,0.0033,500.15371267283103,7160.407521367999,menegotto_pinto_transition,positive,tension,False,True,False,history_dependent,,12.0,0.0,OpenSees Steel02 formulation,synthetic_algorithm_verification_only,Synthetic algorithm-verification parameters; not an NTC 5806 calibration,
COL75X75FC28MPa,54,0.0034000000000000002,500.7834172665295,5540.402244122251,menegotto_pinto_transition,positive,tension,False,True,False,history_dependent,,12.0,0.0,OpenSees Steel02 formulation,synthetic_algorithm_verification_only,Synthetic algorithm-verification parameters; not an NTC 5806 calibration,
COL75X75FC28MPa,55,0.0035,501.2792762205522,4447.791188610734,menegotto_pinto_transition,positive,tension,False,True,False,history_dependent,,12.0,0.0,OpenSees Steel02 formulation,synthetic_algorithm_verification_only,Synthetic algorithm-verification parameters; not an NTC 5806 calibration,
COL75X75FC28MPa,56,0.0036000000000000003,501.6846164532339,3706.3629530311573,menegotto_pinto_transition,positive,tension,False,True,False,history_dependent,,12.0,0.0,OpenSees Steel02 formulation,synthetic_algorithm_verification_only,Synthetic algorithm-verification parameters; not an NTC 5806 calibration,
COL75X75FC28MPa,57,0.0037,502.0283265733512,3199.560335866495,menegotto_pinto_transition,positive,tension,False,True,False,history_dependent,,12.0,0.0,OpenSees Steel02 formulation,synthetic_algorithm_verification_only,Synthetic algorithm-verification parameters; not an NTC 5806 calibration,
COL75X75FC28MPa,58,0.0038,502.3297544612025,2850.3845516032043,menegotto_pinto_transition,positive,tension,False,True,False,history_dependent,,12.0,0.0,OpenSees Steel02 formulation,synthetic_algorithm_verification_only,Synthetic algorithm-verification parameters; not an NTC 5806 calibration,
COL75X75FC28MPa,59,0.0039000000000000003,502.60193915866967,2607.835322730853,menegotto_pinto_transition,positive,tension,False,True,False,history_dependent,,12.0,0.0,OpenSees Steel02 formulation,synthetic_algorithm_verification_only,Synthetic algorithm-verification parameters; not an NTC 5806 calibration,
COL75X75FC28MPa,60,0.004,502.85373188463933,2437.962450379743,menegotto_pinto_transition,positive,tension,False,True,False,history_dependent,,12.0,0.0,OpenSees Steel02 formulation,synthetic_algorithm_verification_only,Synthetic algorithm-verification parameters; not an NTC 5806 calibration,
COL75X75FC28MPa,61,0.0039000000000000003,482.85373189721093,199999.99924943762,menegotto_pinto_transition,negative,tension,True,True,False,history_dependent,,4.9703188019999,0.5469890499599103,OpenSees Steel02 formulation,synthetic_algorithm_verification_only,Synthetic algorithm-verification parameters; not an NTC 5806 calibration,
COL75X75FC28MPa,62,0.0038,462.8537326728354,199999.97647109177,menegotto_pinto_transition,negative,tension,False,True,False,history_dependent,,4.9703188019999,0.5469890499599103,OpenSees Steel02 formulation,synthetic_algorithm_verification_only,Synthetic algorithm-verification parameters; not an NTC 5806 calibration,
COL75X75FC28MPa,63,0.0037,442.8537407552815,199999.82346486094,menegotto_pinto_transition,negative,tension,False,True,False,history_dependent,,4.9703188019999,0.5469890499599103,OpenSees Steel02 formulation,synthetic_algorithm_verification_only,Synthetic algorithm-verification parameters; not an NTC 5806 calibration,
COL75X75FC28MPa,64,0.0036,422.8537813018844,199999.26240937482,menegotto_pinto_transition,negative,tension,False,True,False,history_dependent,,4.9703188019999,0.5469890499599103,OpenSees Steel02 formulation,synthetic_algorithm_verification_only,Synthetic algorithm-verification parameters; not an NTC 5806 calibration,
COL75X75FC28MPa,65,0.0035,402.8539191513405,199997.76392669757,menegotto_pinto_transition,negative,tension,False,True,False,history_dependent,,4.9703188019999,0.5469890499599103,OpenSees Steel02 formulation,synthetic_algorithm_verification_only,Synthetic algorithm-verification parameters; not an NTC 5806 calibration,
COL75X75FC28MPa,66,0.0034000000000000002,382.85428803756395,199994.46604727878,menegotto_pinto_transition,negative,tension,False,True,False,history_dependent,,4.9703188019999,0.5469890499599103,OpenSees Steel02 formulation,synthetic_algorithm_verification_only,Synthetic algorithm-verification parameters; not an NTC 5806 calibration,
COL75X75FC28MPa,67,0.0033,362.8551278701592,199988.09390002565,menegotto_pinto_transition,negative,tension,False,True,False,history_dependent,,4.9703188019999,0.5469890499599103,OpenSees Steel02 formulation,synthetic_algorithm_verification_only,Synthetic algorithm-verification parameters; not an NTC 5806 calibration,
COL75X75FC28MPa,68,0.0032,342.8568300102762,199976.8801266356,menegotto_pinto_transition,negative,tension,False,True,False,history_dependent,,4.9703188019999,0.5469890499599103,OpenSees Steel02 formulation,synthetic_algorithm_verification_only,Synthetic algorithm-verification parameters; not an NTC 5806 calibration,
COL75X75FC28MPa,69,0.0031,322.85999046330966,199958.4861680829,menegotto_pinto_transition,negative,tension,False,True,False,history_dependent,,4.9703188019999,0.5469890499599103,OpenSees Steel02 formulation,synthetic_algorithm_verification_only,Synthetic algorithm-verification parameters; not an NTC 5806 calibration,
COL75X75FC28MPa,70,0.003,302.8654708869659,199929.92473928301,menegotto_pinto_transition,negative,tension,False,True,False,history_dependent,,4.9703188019999,0.5469890499599103,OpenSees Steel02 formulation,synthetic_algorithm_verification_only,Synthetic algorithm-verification parameters; not an NTC 5806 calibration,
COL75X75FC28MPa,71,0.0029,282.8744672716913,199887.48401367897,menegotto_pinto_transition,negative,tension,False,True,False,history_dependent,,4.9703188019999,0.5469890499599103,OpenSees Steel02 formulation,synthetic_algorithm_verification_only,Synthetic algorithm-verification parameters; not an NTC 5806 calibration,
COL75X75FC28MPa,72,0.0028,262.8885860860346,199826.65429319895,menegotto_pinto_transition,negative,tension,False,True,False,history_dependent,,4.9703188019999,0.5469890499599103,OpenSees Steel02 formulation,synthetic_algorithm_verification_only,Synthetic algorithm-verification parameters; not an NTC 5806 calibration,
COL75X75FC28MPa,73,0.0027,242.90992758702316,199742.05824737746,menegotto_pinto_transition,negative,tension,False,True,False,history_dependent,,4.9703188019999,0.5469890499599103,OpenSees Steel02 formulation,synthetic_algorithm_verification_only,Synthetic algorithm-verification parameters; not an NTC 5806 calibration,
COL75X75FC28MPa,74,0.0026,222.94117586942156,199627.3861719496,menegotto_pinto_transition,negative,tension,False,True,False,history_dependent,,4.9703188019999,0.5469890499599103,OpenSees Steel02 formulation,synthetic_algorithm_verification_only,Synthetic algorithm-verification parameters; not an NTC 5806 calibration,
COL75X75FC28MPa,75,0.0025,202.9856950619461,199475.338142062,menegotto_pinto_transition,negative,tension,False,True,False,history_dependent,,4.9703188019999,0.5469890499599103,OpenSees Steel02 formulation,synthetic_algorithm_verification_only,Synthetic algorithm-verification parameters; not an NTC 5806 calibration,
COL75X75FC28MPa,76,0.0024000000000000002,183.04763086746652,199277.57541401449,menegotto_pinto_transition,negative,tension,False,True,False,history_dependent,,4.9703188019999,0.5469890499599103,OpenSees Steel02 formulation,synthetic_algorithm_verification_only,Synthetic algorithm-verification parameters; not an NTC 5806 calibration,
COL75X75FC28MPa,77,0.0023,163.1320163830211,199024.68395195322,menegotto_pinto_transition,negative,tension,False,True,False,history_dependent,,4.9703188019999,0.5469890499599103,OpenSees Steel02 formulation,synthetic_algorithm_verification_only,Synthetic algorithm-verification parameters; not an NTC 5806 calibration,
COL75X75FC28MPa,78,0.0021999999999999997,143.2448808205197,198706.15350434295,menegotto_pinto_transition,negative,tension,False,True,False,history_dependent,,4.9703188019999,0.5469890499599103,OpenSees Steel02 formulation,synthetic_algorithm_verification_only,Synthetic algorithm-verification parameters; not an NTC 5806 calibration,
COL75X75FC28MPa,79,0.0021000000000000003,123.39335937902638,198310.37620205514,menegotto_pinto_transition,negative,tension,False,True,False,history_dependent,,4.9703188019999,0.5469890499599103,OpenSees Steel02 formulation,synthetic_algorithm_verification_only,Synthetic algorithm-verification parameters; not an NTC 5806 calibration,
COL75X75FC28MPa,80,0.002,103.58580209645191,197824.66915684857,menegotto_pinto_transition,negative,tension,False,True,False,history_dependent,,4.9703188019999,0.5469890499599103,OpenSees Steel02 formulation,synthetic_algorithm_verification_only,Synthetic algorithm-verification parameters; not an NTC 5806 calibration,
COL75X75FC28MPa,81,0.0018999999999999998,83.83187903883362,197235.32595429715,menegotto_pinto_transition,negative,tension,False,True,False,history_dependent,,4.9703188019999,0.5469890499599103,OpenSees Steel02 formulation,synthetic_algorithm_verification_only,Synthetic algorithm-verification parameters; not an NTC 5806 calibration,
COL75X75FC28MPa,82,0.0018,64.14267868143554,196527.70219355787,menegotto_pinto_transition,negative,tension,False,True,False,history_dependent,,4.9703188019999,0.5469890499599103,OpenSees Steel02 formulation,synthetic_algorithm_verification_only,Synthetic algorithm-verification parameters; not an NTC 5806 calibration,
COL75X75FC28MPa,83,0.0017000000000000001,44.53079581720351,195686.34024927998,menegotto_pinto_transition,negative,tension,False,True,False,history_dependent,,4.9703188019999,0.5469890499599103,OpenSees Steel02 formulation,synthetic_algorithm_verification_only,Synthetic algorithm-verification parameters; not an NTC 5806 calibration,
COL75X75FC28MPa,84,0.0015999999999999999,25.010404822563032,194695.1381293259,menegotto_pinto_transition,negative,tension,False,True,False,history_dependent,,4.9703188019999,0.5469890499599103,OpenSees Steel02 formulation,synthetic_algorithm_verification_only,Synthetic algorithm-verification parameters; not an NTC 5806 calibration,
COL75X75FC28MPa,85,0.0015,5.597313655329799,193537.56658125835,menegotto_pinto_transition,negative,tension,False,True,False,history_dependent,,4.9703188019999,0.5469890499599103,OpenSees Steel02 formulation,synthetic_algorithm_verification_only,Synthetic algorithm-verification parameters; not an NTC 5806 calibration,
COL75X75FC28MPa,86,0.0013999999999999998,-13.691006398842035,192196.9373694456,menegotto_pinto_transition,negative,compression,False,True,False,history_dependent,,4.9703188019999,0.5469890499599103,OpenSees Steel02 formulation,synthetic_algorithm_verification_only,Synthetic algorithm-verification parameters; not an NTC 5806 calibration,
COL75X75FC28MPa,87,0.0013,-32.835420421498554,190656.7238274666,menegotto_pinto_transition,negative,compression,False,True,False,history_dependent,,4.9703188019999,0.5469890499599103,OpenSees Steel02 formulation,synthetic_algorithm_verification_only,Synthetic algorithm-verification parameters; not an NTC 5806 calibration,
COL75X75FC28MPa,88,0.0012000000000000001,-51.815164181368516,188900.9323432514,menegotto_pinto_transition,negative,compression,False,True,False,history_dependent,,4.9703188019999,0.5469890499599103,OpenSees Steel02 formulation,synthetic_algorithm_verification_only,Synthetic algorithm-verification parameters; not an NTC 5806 calibration,
COL75X75FC28MPa,89,0.0010999999999999998,-70.60791797993721,186914.5203635324,menegotto_pinto_transition,negative,compression,False,True,False,history_dependent,,4.9703188019999,0.5469890499599103,OpenSees Steel02 formulation,synthetic_algorithm_verification_only,Synthetic algorithm-verification parameters; not an NTC 5806 calibration,
COL75X75FC28MPa,90,0.001,-89.18992430504107,184683.852886118,menegotto_pinto_transition,negative,compression,False,True,False,history_dependent,,4.9703188019999,0.5469890499599103,OpenSees Steel02 formulation,synthetic_algorithm_verification_only,Synthetic algorithm-verification parameters; not an NTC 5806 calibration,
COL75X75FC28MPa,91,0.0009,-107.53615257393591,182197.1854066763,menegotto_pinto_transition,negative,compression,False,True,False,history_dependent,,4.9703188019999,0.5469890499599103,OpenSees Steel02 formulation,synthetic_algorithm_verification_only,Synthetic algorithm-verification parameters; not an NTC 5806 calibration,
COL75X75FC28MPa,92,0.0008,-125.62051283739316,179445.15716183864,menegotto_pinto_transition,negative,compression,False,True,False,history_dependent,,4.9703188019999,0.5469890499599103,OpenSees Steel02 formulation,synthetic_algorithm_verification_only,Synthetic algorithm-verification parameters; not an NTC 5806 calibration,
COL75X75FC28MPa,93,0.0007,-143.41611850233352,176421.2746190503,menegotto_pinto_transition,negative,compression,False,True,False,history_dependent,,4.9703188019999,0.5469890499599103,OpenSees Steel02 formulation,synthetic_algorithm_verification_only,Synthetic algorithm-verification parameters; not an NTC 5806 calibration,
COL75X75FC28MPa,94,0.0006000000000000001,-160.8955959568595,173122.3619403235,menegotto_pinto_transition,negative,compression,False,True,False,history_dependent,,4.9703188019999,0.5469890499599103,OpenSees Steel02 formulation,synthetic_algorithm_verification_only,Synthetic algorithm-verification parameters; not an NTC 5806 calibration,
COL75X75FC28MPa,95,0.0005,-178.03143653876333,169548.95306742043,menegotto_pinto_transition,negative,compression,False,True,False,history_dependent,,4.9703188019999,0.5469890499599103,OpenSees Steel02 formulation,synthetic_algorithm_verification_only,Synthetic algorithm-verification parameters; not an NTC 5806 calibration,
COL75X75FC28MPa,96,0.00039999999999999996,-194.7963837144328,165705.59960012994,menegotto_pinto_transition,negative,compression,False,True,False,history_dependent,,4.9703188019999,0.5469890499599103,OpenSees Steel02 formulation,synthetic_algorithm_verification_only,Synthetic algorithm-verification parameters; not an NTC 5806 calibration,
COL75X75FC28MPa,97,0.00030000000000000003,-211.16384580966468,161601.07014101255,menegotto_pinto_transition,negative,compression,False,True,False,history_dependent,,4.9703188019999,0.5469890499599103,OpenSees Steel02 formulation,synthetic_algorithm_verification_only,Synthetic algorithm-verification parameters; not an NTC 5806 calibration,
COL75X75FC28MPa,98,0.00019999999999999998,-227.10832236721006,157248.42047086035,menegotto_pinto_transition,negative,compression,False,True,False,history_dependent,,4.9703188019999,0.5469890499599103,OpenSees Steel02 formulation,synthetic_algorithm_verification_only,Synthetic algorithm-verification parameters; not an NTC 5806 calibration,
COL75X75FC28MPa,99,9.999999999999994e-05,-242.60583041810963,152664.91978162463,menegotto_pinto_transition,negative,compression,False,True,False,history_dependent,,4.9703188019999,0.5469890499599103,OpenSees Steel02 formulation,synthetic_algorithm_verification_only,Synthetic algorithm-verification parameters; not an NTC 5806 calibration,
COL75X75FC28MPa,100,0.0,-257.634315850066,147871.82593897817,menegotto_pinto_transition,negative,compression,False,True,False,history_dependent,,4.9703188019999,0.5469890499599103,OpenSees Steel02 formulation,synthetic_algorithm_verification_only,Synthetic algorithm-verification parameters; not an NTC 5806 calibration,
COL75X75FC28MPa,101,-0.00010000000000000005,-272.1740347986035,142894.01181206174,menegotto_pinto_transition,negative,compression,False,True,False,history_dependent,,4.9703188019999,0.5469890499599103,OpenSees Steel02 formulation,synthetic_algorithm_verification_only,Synthetic algorithm-verification parameters; not an NTC 5806 calibration,
COL75X75FC28MPa,102,-0.0002000000000000001,-286.207890669509,137759.4543005277,menegotto_pinto_transition,negative,compression,False,True,False,history_dependent,,4.9703188019999,0.5469890499599103,OpenSees Steel02 formulation,synthetic_algorithm_verification_only,Synthetic algorithm-verification parameters; not an NTC 5806 calibration,
COL75X75FC28MPa,103,-0.00030000000000000014,-299.72171403084354,132498.60687664972,menegotto_pinto_transition,negative,compression,False,True,False,history_dependent,,4.9703188019999,0.5469890499599103,OpenSees Steel02 formulation,synthetic_algorithm_verification_only,Synthetic algorithm-verification parameters; not an NTC 5806 calibration,
COL75X75FC28MPa,104,-0.00039999999999999996,-312.7044751013844,127143.68429632377,menegotto_pinto_transition,negative,compression,False,True,False,history_dependent,,4.9703188019999,0.5469890499599103,OpenSees Steel02 formulation,synthetic_algorithm_verification_only,Synthetic algorithm-verification parameters; not an NTC 5806 calibration,
COL75X75FC28MPa,105,-0.0005,-325.14842173174935,121727.89379324512,menegotto_pinto_transition,negative,compression,False,True,False,history_dependent,,4.9703188019999,0.5469890499599103,OpenSees Steel02 formulation,synthetic_algorithm_verification_only,Synthetic algorithm-verification parameters; not an NTC 5806 calibration,
COL75X75FC28MPa,106,-0.0006000000000000001,-337.0491393757714,116284.64997771083,menegotto_pinto_transition,negative,compression,False,True,False,history_dependent,,4.9703188019999,0.5469890499599103,OpenSees Steel02 formulation,synthetic_algorithm_verification_only,Synthetic algorithm-verification parameters; not an NTC 5806 calibration,
COL75X75FC28MPa,107,-0.0007000000000000001,-348.4055332922654,110846.81056892333,menegotto_pinto_transition,negative,compression,False,True,False,history_dependent,,4.9703188019999,0.5469890499599103,OpenSees Steel02 formulation,synthetic_algorithm_verification_only,Synthetic algorithm-verification parameters; not an NTC 5806 calibration,
COL75X75FC28MPa,108,-0.0008000000000000001,-359.21973680396894,105445.96711167195,menegotto_pinto_transition,negative,compression,False,True,False,history_dependent,,4.9703188019999,0.5469890499599103,OpenSees Steel02 formulation,synthetic_algorithm_verification_only,Synthetic algorithm-verification parameters; not an NTC 5806 calibration,
COL75X75FC28MPa,109,-0.0009,-369.49695260233494,100111.81940923452,menegotto_pinto_transition,negative,compression,False,True,False,history_dependent,,4.9703188019999,0.5469890499599103,OpenSees Steel02 formulation,synthetic_algorithm_verification_only,Synthetic algorithm-verification parameters; not an NTC 5806 calibration,
COL75X75FC28MPa,110,-0.001,-379.2452366128836,94871.6552365395,menegotto_pinto_transition,negative,compression,False,True,False,history_dependent,,4.9703188019999,0.5469890499599103,OpenSees Steel02 formulation,synthetic_algorithm_verification_only,Synthetic algorithm-verification parameters; not an NTC 5806 calibration,
COL75X75FC28MPa,111,-0.0011000000000000003,-388.4752356918014,89749.94880635114,menegotto_pinto_transition,negative,compression,False,True,False,history_dependent,,4.9703188019999,0.5469890499599103,OpenSees Steel02 formulation,synthetic_algorithm_verification_only,Synthetic algorithm-verification parameters; not an NTC 5806 calibration,
COL75X75FC28MPa,112,-0.0012000000000000001,-397.1998913602184,84768.08328142966,menegotto_pinto_transition,negative,compression,False,True,False,history_dependent,,4.9703188019999,0.5469890499599103,OpenSees Steel02 formulation,synthetic_algorithm_verification_only,Synthetic algorithm-verification parameters; not an NTC 5806 calibration,
COL75X75FC28MPa,113,-0.0013,-405.4341219272131,79944.19509285639,menegotto_pinto_transition,negative,compression,False,True,False,history_dependent,,4.9703188019999,0.5469890499599103,OpenSees Steel02 formulation,synthetic_algorithm_verification_only,Synthetic algorithm-verification parameters; not an NTC 5806 calibration,
COL75X75FC28MPa,114,-0.0014000000000000002,-413.19449480042925,75293.13149730618,menegotto_pinto_transition,negative,compression,False,True,False,history_dependent,,4.9703188019999,0.5469890499599103,OpenSees Steel02 formulation,synthetic_algorithm_verification_only,Synthetic algorithm-verification parameters; not an NTC 5806 calibration,
COL75X75FC28MPa,115,-0.0015,-420.49889967374844,70826.50802613035,menegotto_pinto_transition,negative,compression,False,True,False,history_dependent,,4.9703188019999,0.5469890499599103,OpenSees Steel02 formulation,synthetic_algorithm_verification_only,Synthetic algorithm-verification parameters; not an NTC 5806 calibration,
COL75X75FC28MPa,116,-0.0016000000000000003,-427.366231777432,66552.84937173109,menegotto_pinto_transition,negative,compression,False,True,False,history_dependent,,4.9703188019999,0.5469890499599103,OpenSees Steel02 formulation,synthetic_algorithm_verification_only,Synthetic algorithm-verification parameters; not an NTC 5806 calibration,
COL75X75FC28MPa,117,-0.0017000000000000001,-433.8160926430856,62477.79575898998,menegotto_pinto_transition,negative,compression,False,True,False,history_dependent,,4.9703188019999,0.5469890499599103,OpenSees Steel02 formulation,synthetic_algorithm_verification_only,Synthetic algorithm-verification parameters; not an NTC 5806 calibration,
COL75X75FC28MPa,118,-0.0018,-439.8685140254028,58604.356758599846,menegotto_pinto_transition,negative,compression,False,True,False,history_dependent,,4.9703188019999,0.5469890499599103,OpenSees Steel02 formulation,synthetic_algorithm_verification_only,Synthetic algorithm-verification parameters; not an NTC 5806 calibration,
COL75X75FC28MPa,119,-0.0019000000000000002,-445.54370886173064,54933.19552689144,menegotto_pinto_transition,negative,compression,False,True,False,history_dependent,,4.9703188019999,0.5469890499599103,OpenSees Steel02 formulation,synthetic_algorithm_verification_only,Synthetic algorithm-verification parameters; not an NTC 5806 calibration,
COL75X75FC28MPa,120,-0.002,-450.86185153488924,51462.92828143588,menegotto_pinto_transition,negative,compression,False,True,False,history_dependent,,4.9703188019999,0.5469890499599103,OpenSees Steel02 formulation,synthetic_algorithm_verification_only,Synthetic algorithm-verification parameters; not an NTC 5806 calibration,
COL75X75FC28MPa,121,-0.0019333333333333333,-437.52851820170594,199999.9999854607,menegotto_pinto_transition,positive,compression,True,True,False,history_dependent,,5.460986400602647,0.4272487847780015,OpenSees Steel02 formulation,synthetic_algorithm_verification_only,Synthetic algorithm-verification parameters; not an NTC 5806 calibration,
COL75X75FC28MPa,122,-0.0018666666666666666,-424.1951848814387,199999.99935958078,menegotto_pinto_transition,positive,compression,False,True,False,history_dependent,,5.460986400602647,0.4272487847780015,OpenSees Steel02 formulation,synthetic_algorithm_verification_only,Synthetic algorithm-verification parameters; not an NTC 5806 calibration,
COL75X75FC28MPa,123,-0.0018,-410.8618517163687,199999.9941373182,menegotto_pinto_transition,positive,compression,False,True,False,history_dependent,,5.460986400602647,0.4272487847780015,OpenSees Steel02 formulation,synthetic_algorithm_verification_only,Synthetic algorithm-verification parameters; not an NTC 5806 calibration,
COL75X75FC28MPa,124,-0.0017333333333333333,-397.5285193658292,199999.97179117356,menegotto_pinto_transition,positive,compression,False,True,False,history_dependent,,5.460986400602647,0.4272487847780015,OpenSees Steel02 formulation,synthetic_algorithm_verification_only,Synthetic algorithm-verification parameters; not an NTC 5806 calibration,
COL75X75FC28MPa,125,-0.0016666666666666666,-384.1951897907614,199999.9045866497,menegotto_pinto_transition,positive,compression,False,True,False,history_dependent,,5.460986400602647,0.4272487847780015,OpenSees Steel02 formulation,synthetic_algorithm_verification_only,Synthetic algorithm-verification parameters; not an NTC 5806 calibration,
COL75X75FC28MPa,126,-0.0016,-370.86186752229247,199999.74176415583,menegotto_pinto_transition,positive,compression,False,True,False,history_dependent,,5.460986400602647,0.4272487847780015,OpenSees Steel02 formulation,synthetic_algorithm_verification_only,Synthetic algorithm-verification parameters; not an NTC 5806 calibration,
COL75X75FC28MPa,127,-0.0015333333333333334,-357.52856148480475,199999.4007454481,menegotto_pinto_transition,positive,compression,False,True,False,history_dependent,,5.460986400602647,0.4272487847780015,OpenSees Steel02 formulation,synthetic_algorithm_verification_only,Synthetic algorithm-verification parameters; not an NTC 5806 calibration,
COL75X75FC28MPa,128,-0.0014666666666666667,-344.195287434437,199998.75748032736,menegotto_pinto_transition,positive,compression,False,True,False,history_dependent,,5.460986400602647,0.4272487847780015,OpenSees Steel02 formulation,synthetic_algorithm_verification_only,Synthetic algorithm-verification parameters; not an NTC 5806 calibration,
COL75X75FC28MPa,129,-0.0014,-330.862071067402,199997.63601762903,menegotto_pinto_transition,positive,compression,False,True,False,history_dependent,,5.460986400602647,0.4272487847780015,OpenSees Steel02 formulation,synthetic_algorithm_verification_only,Synthetic algorithm-verification parameters; not an NTC 5806 calibration,
COL75X75FC28MPa,130,-0.0013333333333333333,-317.5289518475672,199995.79736622615,menegotto_pinto_transition,positive,compression,False,True,False,history_dependent,,5.460986400602647,0.4272487847780015,OpenSees Steel02 formulation,synthetic_algorithm_verification_only,Synthetic algorithm-verification parameters; not an NTC 5806 calibration,
COL75X75FC28MPa,131,-0.0012666666666666668,-304.19598759876004,199992.92770073385,menegotto_pinto_transition,positive,compression,False,True,False,history_dependent,,5.460986400602647,0.4272487847780015,OpenSees Steel02 formulation,synthetic_algorithm_verification_only,Synthetic algorithm-verification parameters; not an NTC 5806 calibration,
COL75X75FC28MPa,132,-0.0012000000000000001,-290.8632599038491,199988.625960265,menegotto_pinto_transition,positive,compression,False,True,False,history_dependent,,5.460986400602647,0.4272487847780015,OpenSees Steel02 formulation,synthetic_algorithm_verification_only,Synthetic algorithm-verification parameters; not an NTC 5806 calibration,
COL75X75FC28MPa,133,-0.0011333333333333334,-277.5308803495405,199982.3908857159,menegotto_pinto_transition,positive,compression,False,True,False,history_dependent,,5.460986400602647,0.4272487847780015,OpenSees Steel02 formulation,synthetic_algorithm_verification_only,Synthetic algorithm-verification parameters; not an NTC 5806 calibration,
COL75X75FC28MPa,134,-0.0010666666666666667,-264.1989976528114,199973.60754110743,menegotto_pinto_transition,positive,compression,False,True,False,history_dependent,,5.460986400602647,0.4272487847780015,OpenSees Steel02 formulation,synthetic_algorithm_verification_only,Synthetic algorithm-verification parameters; not an NTC 5806 calibration,
COL75X75FC28MPa,135,-0.001,-250.86780570178996,199961.5333672473,menegotto_pinto_transition,positive,compression,False,True,False,history_dependent,,5.460986400602647,0.4272487847780015,OpenSees Steel02 formulation,synthetic_algorithm_verification_only,Synthetic algorithm-verification parameters; not an NTC 5806 calibration,
COL75X75FC28MPa,136,-0.0009333333333333333,-237.53755254050958,199945.28382140232,menegotto_pinto_transition,positive,compression,False,True,False,history_dependent,,5.460986400602647,0.4272487847780015,OpenSees Steel02 formulation,synthetic_algorithm_verification_only,Synthetic algorithm-verification parameters; not an NTC 5806 calibration,
COL75X75FC28MPa,137,-0.0008666666666666666,-224.20855032312622,199923.81766486805,menegotto_pinto_transition,positive,compression,False,True,False,history_dependent,,5.460986400602647,0.4272487847780015,OpenSees Steel02 formulation,synthetic_algorithm_verification_only,Synthetic algorithm-verification parameters; not an NTC 5806 calibration,
COL75X75FC28MPa,138,-0.0007999999999999999,-210.88118625870896,199895.92197148793,menegotto_pinto_transition,positive,compression,False,True,False,history_dependent,,5.460986400602647,0.4272487847780015,OpenSees Steel02 formulation,synthetic_algorithm_verification_only,Synthetic algorithm-verification parameters; not an NTC 5806 calibration,
COL75X75FC28MPa,139,-0.0007333333333333332,-197.55593456238205,199860.19694451397,menegotto_pinto_transition,positive,compression,False,True,False,history_dependent,,5.460986400602647,0.4272487847780015,OpenSees Steel02 formulation,synthetic_algorithm_verification_only,Synthetic algorithm-verification parameters; not an NTC 5806 calibration,
COL75X75FC28MPa,140,-0.0006666666666666665,-184.2333694221997,199815.04064696896,menegotto_pinto_transition,positive,compression,False,True,False,history_dependent,,5.460986400602647,0.4272487847780015,OpenSees Steel02 formulation,synthetic_algorithm_verification_only,Synthetic algorithm-verification parameters; not an NTC 5806 calibration,
COL75X75FC28MPa,141,-0.0006000000000000001,-170.9141789834295,199758.6337721065,menegotto_pinto_transition,positive,compression,False,True,False,history_dependent,,5.460986400602647,0.4272487847780015,OpenSees Steel02 formulation,synthetic_algorithm_verification_only,Synthetic algorithm-verification parameters; not an NTC 5806 calibration,
COL75X75FC28MPa,142,-0.0005333333333333334,-157.59918034265957,199688.92460588686,menegotto_pinto_transition,positive,compression,False,True,False,history_dependent,,5.460986400602647,0.4272487847780015,OpenSees Steel02 formulation,synthetic_algorithm_verification_only,Synthetic algorithm-verification parameters; not an NTC 5806 calibration,
COL75X75FC28MPa,143,-0.00046666666666666666,-144.28933553305944,199603.61436276836,menegotto_pinto_transition,positive,compression,False,True,False,history_dependent,,5.460986400602647,0.4272487847780015,OpenSees Steel02 formulation,synthetic_algorithm_verification_only,Synthetic algorithm-verification parameters; not an NTC 5806 calibration,
COL75X75FC28MPa,144,-0.00039999999999999996,-130.98576846894434,199500.1431096447,menegotto_pinto_transition,positive,compression,False,True,False,history_dependent,,5.460986400602647,0.4272487847780015,OpenSees Steel02 formulation,synthetic_algorithm_verification_only,Synthetic algorithm-verification parameters; not an NTC 5806 calibration,
COL75X75FC28MPa,145,-0.00033333333333333327,-117.68978280223627,199375.6765304172,menegotto_pinto_transition,positive,compression,False,True,False,history_dependent,,5.460986400602647,0.4272487847780015,OpenSees Steel02 formulation,synthetic_algorithm_verification_only,Synthetic algorithm-verification parameters; not an NTC 5806 calibration,
COL75X75FC28MPa,146,-0.00026666666666666657,-104.4028806252187,199227.09382530663,menegotto_pinto_transition,positive,compression,False,True,False,history_dependent,,5.460986400602647,0.4272487847780015,OpenSees Steel02 formulation,synthetic_algorithm_verification_only,Synthetic algorithm-verification parameters; not an NTC 5806 calibration,
COL75X75FC28MPa,147,-0.00019999999999999987,-91.12678193288548,199050.97708419856,menegotto_pinto_transition,positive,compression,False,True,False,history_dependent,,5.460986400602647,0.4272487847780015,OpenSees Steel02 formulation,synthetic_algorithm_verification_only,Synthetic algorithm-verification parameters; not an NTC 5806 calibration,
COL75X75FC28MPa,148,-0.0001333333333333334,-77.86344473397469,198843.60252146117,menegotto_pinto_transition,positive,compression,False,True,False,history_dependent,,5.460986400602647,0.4272487847780015,OpenSees Steel02 formulation,synthetic_algorithm_verification_only,Synthetic algorithm-verification parameters; not an NTC 5806 calibration,
COL75X75FC28MPa,149,-6.66666666666667e-05,-64.61508567228458,198600.93400982654,menegotto_pinto_transition,positive,compression,False,True,False,history_dependent,,5.460986400602647,0.4272487847780015,OpenSees Steel02 formulation,synthetic_algorithm_verification_only,Synthetic algorithm-verification parameters; not an NTC 5806 calibration,
COL75X75FC28MPa,150,0.0,-51.3842009890011,198318.6194017836,menegotto_pinto_transition,positive,compression,False,True,False,history_dependent,,5.460986400602647,0.4272487847780015,OpenSees Steel02 formulation,synthetic_algorithm_verification_only,Synthetic algorithm-verification parameters; not an NTC 5806 calibration,
COL75X75FC28MPa,151,0.0002,-11.825991673198757,197185.55781029345,menegotto_pinto_transition,positive,compression,False,True,False,history_dependent,,5.460986400602647,0.4272487847780015,OpenSees Steel02 formulation,synthetic_algorithm_verification_only,Synthetic algorithm-verification parameters; not an NTC 5806 calibration,
COL75X75FC28MPa,152,0.0004,27.453866658200013,195509.43352591238,menegotto_pinto_transition,positive,tension,False,True,False,history_dependent,,5.460986400602647,0.4272487847780015,OpenSees Steel02 formulation,synthetic_algorithm_verification_only,Synthetic algorithm-verification parameters; not an NTC 5806 calibration,
COL75X75FC28MPa,153,0.0006000000000000001,66.33069440608853,193126.53799847185,menegotto_pinto_transition,positive,tension,False,True,False,history_dependent,,5.460986400602647,0.4272487847780015,OpenSees Steel02 formulation,synthetic_algorithm_verification_only,Synthetic algorithm-verification parameters; not an NTC 5806 calibration,
COL75X75FC28MPa,154,0.0008,104.64557449954242,189860.0393611455,menegotto_pinto_transition,positive,tension,False,True,False,history_dependent,,5.460986400602647,0.4272487847780015,OpenSees Steel02 formulation,synthetic_algorithm_verification_only,Synthetic algorithm-verification parameters; not an NTC 5806 calibration,
COL75X75FC28MPa,155,0.001,142.20403413919183,185534.08867260852,menegotto_pinto_transition,positive,tension,False,True,False,history_dependent,,5.460986400602647,0.4272487847780015,OpenSees Steel02 formulation,synthetic_algorithm_verification_only,Synthetic algorithm-verification parameters; not an NTC 5806 calibration,
COL75X75FC28MPa,156,0.0012000000000000001,178.7781713619567,179994.09794744954,menegotto_pinto_transition,positive,tension,False,True,False,history_dependent,,5.460986400602647,0.4272487847780015,OpenSees Steel02 formulation,synthetic_algorithm_verification_only,Synthetic algorithm-verification parameters; not an NTC 5806 calibration,
COL75X75FC28MPa,157,0.0014,214.11335941688088,173131.8382441918,menegotto_pinto_transition,positive,tension,False,True,False,history_dependent,,5.460986400602647,0.4272487847780015,OpenSees Steel02 formulation,synthetic_algorithm_verification_only,Synthetic algorithm-verification parameters; not an NTC 5806 calibration,
COL75X75FC28MPa,158,0.0016,247.94017130426374,164911.7389508021,menegotto_pinto_transition,positive,tension,False,True,False,history_dependent,,5.460986400602647,0.4272487847780015,OpenSees Steel02 formulation,synthetic_algorithm_verification_only,Synthetic algorithm-verification parameters; not an NTC 5806 calibration,
COL75X75FC28MPa,159,0.0018000000000000002,279.9912133167351,155392.5714751411,menegotto_pinto_transition,positive,tension,False,True,False,history_dependent,,5.460986400602647,0.4272487847780015,OpenSees Steel02 formulation,synthetic_algorithm_verification_only,Synthetic algorithm-verification parameters; not an NTC 5806 calibration,
COL75X75FC28MPa,160,0.002,310.0212663864215,144737.75098432187,menegotto_pinto_transition,positive,tension,False,True,False,history_dependent,,5.460986400602647,0.4272487847780015,OpenSees Steel02 formulation,synthetic_algorithm_verification_only,Synthetic algorithm-verification parameters; not an NTC 5806 calibration,
COL75X75FC28MPa,161,0.0022,337.82787947857884,133208.9383158478,menegotto_pinto_transition,positive,tension,False,True,False,history_dependent,,5.460986400602647,0.4272487847780015,OpenSees Steel02 formulation,synthetic_algorithm_verification_only,Synthetic algorithm-verification parameters; not an NTC 5806 calibration,
COL75X75FC28MPa,162,0.0024000000000000002,363.26886643481276,121141.71371211419,menegotto_pinto_transition,positive,tension,False,True,False,history_dependent,,5.460986400602647,0.4272487847780015,OpenSees Steel02 formulation,synthetic_algorithm_verification_only,Synthetic algorithm-verification parameters; not an NTC 5806 calibration,
COL75X75FC28MPa,163,0.0026000000000000003,386.2734528534085,108907.54628670262,menegotto_pinto_transition,positive,tension,False,True,False,history_dependent,,5.460986400602647,0.4272487847780015,OpenSees Steel02 formulation,synthetic_algorithm_verification_only,Synthetic algorithm-verification parameters; not an NTC 5806 calibration,
COL75X75FC28MPa,164,0.0028,406.84514357061784,96870.68858956253,menegotto_pinto_transition,positive,tension,False,True,False,history_dependent,,5.460986400602647,0.4272487847780015,OpenSees Steel02 formulation,synthetic_algorithm_verification_only,Synthetic algorithm-verification parameters; not an NTC 5806 calibration,
COL75X75FC28MPa,165,0.003,425.05629327403693,85349.85582464129,menegotto_pinto_transition,positive,tension,False,True,False,history_dependent,,5.460986400602647,0.4272487847780015,OpenSees Steel02 formulation,synthetic_algorithm_verification_only,Synthetic algorithm-verification parameters; not an NTC 5806 calibration,
COL75X75FC28MPa,166,0.0032,441.0361488670364,74592.16226231794,menegotto_pinto_transition,positive,tension,False,True,False,history_dependent,,5.460986400602647,0.4272487847780015,OpenSees Steel02 formulation,synthetic_algorithm_verification_only,Synthetic algorithm-verification parameters; not an NTC 5806 calibration,
COL75X75FC28MPa,167,0.0034000000000000002,454.9551891261536,64762.237799371345,menegotto_pinto_transition,positive,tension,False,True,False,history_dependent,,5.460986400602647,0.4272487847780015,OpenSees Steel02 formulation,synthetic_algorithm_verification_only,Synthetic algorithm-verification parameters; not an NTC 5806 calibration,
COL75X75FC28MPa,168,0.0036000000000000003,467.00870660394554,55944.98140883428,menegotto_pinto_transition,positive,tension,False,True,False,history_dependent,,5.460986400602647,0.4272487847780015,OpenSees Steel02 formulation,synthetic_algorithm_verification_only,Synthetic algorithm-verification parameters; not an NTC 5806 calibration,
COL75X75FC28MPa,169,0.0038,477.4019578862829,48157.664122941474,menegotto_pinto_transition,positive,tension,False,True,False,history_dependent,,5.460986400602647,0.4272487847780015,OpenSees Steel02 formulation,synthetic_algorithm_verification_only,Synthetic algorithm-verification parameters; not an NTC 5806 calibration,
COL75X75FC28MPa,170,0.004,486.3382549689165,41366.4573950004,menegotto_pinto_transition,positive,tension,False,True,False,history_dependent,,5.460986400602647,0.4272487847780015,OpenSees Steel02 formulation,synthetic_algorithm_verification_only,Synthetic algorithm-verification parameters; not an NTC 5806 calibration,
COL75X75FC28MPa,171,0.004200000000000001,494.01045595473084,35503.34288101378,menegotto_pinto_transition,positive,tension,False,True,False,history_dependent,,5.460986400602647,0.4272487847780015,OpenSees Steel02 formulation,synthetic_algorithm_verification_only,Synthetic algorithm-verification parameters; not an NTC 5806 calibration,
COL75X75FC28MPa,172,0.0044,500.5956510051113,30480.859401970327,menegotto_pinto_transition,positive,tension,False,True,False,history_dependent,,5.460986400602647,0.4272487847780015,OpenSees Steel02 formulation,synthetic_algorithm_verification_only,Synthetic algorithm-verification parameters; not an NTC 5806 calibration,
COL75X75FC28MPa,173,0.0046,506.2524780233437,26203.565264143817,menegotto_pinto_transition,positive,tension,False,True,False,history_dependent,,5.460986400602647,0.4272487847780015,OpenSees Steel02 formulation,synthetic_algorithm_verification_only,Synthetic algorithm-verification parameters; not an NTC 5806 calibration,
COL75X75FC28MPa,174,0.0048000000000000004,511.1203872999129,22576.10680141323,menegotto_pinto_transition,positive,tension,False,True,False,history_dependent,,5.460986400602647,0.4272487847780015,OpenSees Steel02 formulation,synthetic_algorithm_verification_only,Synthetic algorithm-verification parameters; not an NTC 5806 calibration,
COL75X75FC28MPa,175,0.005,515.3202154848643,19508.34449376402,menegotto_pinto_transition,positive,tension,False,True,False,history_dependent,,5.460986400602647,0.4272487847780015,OpenSees Steel02 formulation,synthetic_algorithm_verification_only,Synthetic algorithm-verification parameters; not an NTC 5806 calibration,
COL75X75FC28MPa,176,0.005200000000000001,518.9555453330968,16918.199465037385,menegotto_pinto_transition,positive,tension,False,True,False,history_dependent,,5.460986400602647,0.4272487847780015,OpenSees Steel02 formulation,synthetic_algorithm_verification_only,Synthetic algorithm-verification parameters; not an NTC 5806 calibration,
COL75X75FC28MPa,177,0.0054,522.1144625580862,14732.881370303325,menegotto_pinto_transition,positive,tension,False,True,False,history_dependent,,5.460986400602647,0.4272487847780015,OpenSees Steel02 formulation,synthetic_algorithm_verification_only,Synthetic algorithm-verification parameters; not an NTC 5806 calibration,
COL75X75FC28MPa,178,0.0056,524.8714439532596,12889.055136359673,menegotto_pinto_transition,positive,tension,False,True,False,history_dependent,,5.460986400602647,0.4272487847780015,OpenSees Steel02 formulation,synthetic_algorithm_verification_only,Synthetic algorithm-verification parameters; not an NTC 5806 calibration,
COL75X75FC28MPa,179,0.0058000000000000005,527.28920919645,11332.37073786663,menegotto_pinto_transition,positive,tension,False,True,False,history_dependent,,5.460986400602647,0.4272487847780015,OpenSees Steel02 formulation,synthetic_algorithm_verification_only,Synthetic algorithm-verification parameters; not an NTC 5806 calibration,
COL75X75FC28MPa,180,0.006,529.4204407706973,10016.655175649645,menegotto_pinto_transition,positive,tension,False,True,False,history_dependent,,5.460986400602647,0.4272487847780015,OpenSees Steel02 formulation,synthetic_algorithm_verification_only,Synthetic algorithm-verification parameters; not an NTC 5806 calibration,
COL75X75FC28MPa,181,0.005666666666666667,462.75444429830816,199990.57100862128,menegotto_pinto_transition,negative,tension,True,True,False,history_dependent,,3.689768493757404,1.2886392475029214,OpenSees Steel02 formulation,synthetic_algorithm_verification_only,Synthetic algorithm-verification parameters; not an NTC 5806 calibration,
COL75X75FC28MPa,182,0.005333333333333333,396.10439917464396,199878.38802731925,menegotto_pinto_transition,negative,tension,False,True,False,history_dependent,,3.689768493757404,1.2886392475029214,OpenSees Steel02 formulation,synthetic_algorithm_verification_only,Synthetic algorithm-verification parameters; not an NTC 5806 calibration,
COL75X75FC28MPa,183,0.005,329.53610634849605,199458.1395177558,menegotto_pinto_transition,negative,tension,False,True,False,history_dependent,,3.689768493757404,1.2886392475029214,OpenSees Steel02 formulation,synthetic_algorithm_verification_only,Synthetic algorithm-verification parameters; not an NTC 5806 calibration,
COL75X75FC28MPa,184,0.004666666666666667,263.19842147558967,198440.88243957763,menegotto_pinto_transition,negative,tension,False,True,False,history_dependent,,3.689768493757404,1.2886392475029214,OpenSees Steel02 formulation,synthetic_algorithm_verification_only,Synthetic algorithm-verification parameters; not an NTC 5806 calibration,
COL75X75FC28MPa,185,0.004333333333333333,197.34696054335006,196479.83182843952,menegotto_pinto_transition,negative,tension,False,True,False,history_dependent,,3.689768493757404,1.2886392475029214,OpenSees Steel02 formulation,synthetic_algorithm_verification_only,Synthetic algorithm-verification parameters; not an NTC 5806 calibration,
COL75X75FC28MPa,186,0.004,132.35785693960855,193205.73392821054,menegotto_pinto_transition,negative,tension,False,True,False,history_dependent,,3.689768493757404,1.2886392475029214,OpenSees Steel02 formulation,synthetic_algorithm_verification_only,Synthetic algorithm-verification parameters; not an NTC 5806 calibration,
COL75X75FC28MPa,187,0.003666666666666667,68.72733617172798,188276.8279480951,menegotto_pinto_transition,negative,tension,False,True,False,history_dependent,,3.689768493757404,1.2886392475029214,OpenSees Steel02 formulation,synthetic_algorithm_verification_only,Synthetic algorithm-verification parameters; not an NTC 5806 calibration,
COL75X75FC28MPa,188,0.0033333333333333335,7.0524353356966,181440.9025052256,menegotto_pinto_transition,negative,tension,False,True,False,history_dependent,,3.689768493757404,1.2886392475029214,OpenSees Steel02 formulation,synthetic_algorithm_verification_only,Synthetic algorithm-verification parameters; not an NTC 5806 calibration,
COL75X75FC28MPa,189,0.003,-52.00955298011513,172598.32383736267,menegotto_pinto_transition,negative,compression,False,True,False,history_dependent,,3.689768493757404,1.2886392475029214,OpenSees Steel02 formulation,synthetic_algorithm_verification_only,Synthetic algorithm-verification parameters; not an NTC 5806 calibration,
COL75X75FC28MPa,190,0.002666666666666667,-107.80032426644891,161847.76045582068,menegotto_pinto_transition,negative,compression,False,True,False,history_dependent,,3.689768493757404,1.2886392475029214,OpenSees Steel02 formulation,synthetic_algorithm_verification_only,Synthetic algorithm-verification parameters; not an NTC 5806 calibration,
COL75X75FC28MPa,191,0.0023333333333333335,-159.72946970279077,149495.77843308382,menegotto_pinto_transition,negative,compression,False,True,False,history_dependent,,3.689768493757404,1.2886392475029214,OpenSees Steel02 formulation,synthetic_algorithm_verification_only,Synthetic algorithm-verification parameters; not an NTC 5806 calibration,
COL75X75FC28MPa,192,0.002,-207.3390382053435,136020.86963561305,menegotto_pinto_transition,negative,compression,False,True,False,history_dependent,,3.689768493757404,1.2886392475029214,OpenSees Steel02 formulation,synthetic_algorithm_verification_only,Synthetic algorithm-verification parameters; not an NTC 5806 calibration,
COL75X75FC28MPa,193,0.001666666666666667,-250.34926037485775,121999.03662503838,menegotto_pinto_transition,negative,compression,False,True,False,history_dependent,,3.689768493757404,1.2886392475029214,OpenSees Steel02 formulation,synthetic_algorithm_verification_only,Synthetic algorithm-verification parameters; not an NTC 5806 calibration,
COL75X75FC28MPa,194,0.001333333333333334,-288.6759927169859,108012.98617852626,menegotto_pinto_transition,negative,compression,False,True,False,history_dependent,,3.689768493757404,1.2886392475029214,OpenSees Steel02 formulation,synthetic_algorithm_verification_only,Synthetic algorithm-verification parameters; not an NTC 5806 calibration,
COL75X75FC28MPa,195,0.001,-322.41890908820267,94571.53777037597,menegotto_pinto_transition,negative,compression,False,True,False,history_dependent,,3.689768493757404,1.2886392475029214,OpenSees Steel02 formulation,synthetic_algorithm_verification_only,Synthetic algorithm-verification parameters; not an NTC 5806 calibration,
COL75X75FC28MPa,196,0.000666666666666667,-351.8273547201659,82058.27058500882,menegotto_pinto_transition,negative,compression,False,True,False,history_dependent,,3.689768493757404,1.2886392475029214,OpenSees Steel02 formulation,synthetic_algorithm_verification_only,Synthetic algorithm-verification parameters; not an NTC 5806 calibration,
COL75X75FC28MPa,197,0.0003333333333333339,-377.25487937555715,70714.68507512535,menegotto_pinto_transition,negative,compression,False,True,False,history_dependent,,3.689768493757404,1.2886392475029214,OpenSees Steel02 formulation,synthetic_algorithm_verification_only,Synthetic algorithm-verification parameters; not an NTC 5806 calibration,
COL75X75FC28MPa,198,0.0,-399.11311418174284,60651.35090544308,menegotto_pinto_transition,negative,compression,False,True,False,history_dependent,,3.689768493757404,1.2886392475029214,OpenSees Steel02 formulation,synthetic_algorithm_verification_only,Synthetic algorithm-verification parameters; not an NTC 5806 calibration,
COL75X75FC28MPa,199,-0.00033333333333333305,-417.83238992162296,51875.130048160856,menegotto_pinto_transition,negative,compression,False,True,False,history_dependent,,3.689768493757404,1.2886392475029214,OpenSees Steel02 formulation,synthetic_algorithm_verification_only,Synthetic algorithm-verification parameters; not an NTC 5806 calibration,
COL75X75FC28MPa,200,-0.0006666666666666661,-433.8324974243102,44321.18923885872,menegotto_pinto_transition,negative,compression,False,True,False,history_dependent,,3.689768493757404,1.2886392475029214,OpenSees Steel02 formulation,synthetic_algorithm_verification_only,Synthetic algorithm-verification parameters; not an NTC 5806 calibration,
COL75X75FC28MPa,201,-0.001,-447.50380461146733,37882.220412821014,menegotto_pinto_transition,negative,compression,False,True,False,history_dependent,,3.689768493757404,1.2886392475029214,OpenSees Steel02 formulation,synthetic_algorithm_verification_only,Synthetic algorithm-verification parameters; not an NTC 5806 calibration,
COL75X75FC28MPa,202,-0.001333333333333333,-459.19710671946154,32431.313356277948,menegotto_pinto_transition,negative,compression,False,True,False,history_dependent,,3.689768493757404,1.2886392475029214,OpenSees Steel02 formulation,synthetic_algorithm_verification_only,Synthetic algorithm-verification parameters; not an NTC 5806 calibration,
COL75X75FC28MPa,203,-0.0016666666666666661,-469.2199267089105,27837.84770680162,menegotto_pinto_transition,negative,compression,False,True,False,history_dependent,,3.689768493757404,1.2886392475029214,OpenSees Steel02 formulation,synthetic_algorithm_verification_only,Synthetic algorithm-verification parameters; not an NTC 5806 calibration,
COL75X75FC28MPa,204,-0.002,-477.83706821009594,23977.342452678025,menegotto_pinto_transition,negative,compression,False,True,False,history_dependent,,3.689768493757404,1.2886392475029214,OpenSees Steel02 formulation,synthetic_algorithm_verification_only,Synthetic algorithm-verification parameters; not an NTC 5806 calibration,
COL75X75FC28MPa,205,-0.002333333333333333,-485.2736495234286,20736.74933348993,menegotto_pinto_transition,negative,compression,False,True,False,history_dependent,,3.689768493757404,1.2886392475029214,OpenSees Steel02 formulation,synthetic_algorithm_verification_only,Synthetic algorithm-verification parameters; not an NTC 5806 calibration,
COL75X75FC28MPa,206,-0.002666666666666666,-491.71934764824744,18016.641924698186,menegotto_pinto_transition,negative,compression,False,True,False,history_dependent,,3.689768493757404,1.2886392475029214,OpenSees Steel02 formulation,synthetic_algorithm_verification_only,Synthetic algorithm-verification parameters; not an NTC 5806 calibration,
COL75X75FC28MPa,207,-0.002999999999999999,-497.3330220630223,15731.47276966673,menegotto_pinto_transition,negative,compression,False,True,False,history_dependent,,3.689768493757404,1.2886392475029214,OpenSees Steel02 formulation,synthetic_algorithm_verification_only,Synthetic algorithm-verification parameters; not an NTC 5806 calibration,
COL75X75FC28MPa,208,-0.0033333333333333322,-502.24722395221374,13808.74421363695,menegotto_pinto_transition,negative,compression,False,True,False,history_dependent,,3.689768493757404,1.2886392475029214,OpenSees Steel02 formulation,synthetic_algorithm_verification_only,Synthetic algorithm-verification parameters; not an NTC 5806 calibration,
COL75X75FC28MPa,209,-0.003666666666666667,-506.5723293399067,12187.65453850926,menegotto_pinto_transition,negative,compression,False,True,False,history_dependent,,3.689768493757404,1.2886392475029214,OpenSees Steel02 formulation,synthetic_algorithm_verification_only,Synthetic algorithm-verification parameters; not an NTC 5806 calibration,
COL75X75FC28MPa,210,-0.004,-510.40018403534896,10817.56629615671,menegotto_pinto_transition,negative,compression,False,True,False,history_dependent,,3.689768493757404,1.2886392475029214,OpenSees Steel02 formulation,synthetic_algorithm_verification_only,Synthetic algorithm-verification parameters; not an NTC 5806 calibration,
COL75X75FC28MPa,211,-0.0036,-430.4047092695393,199951.12857082568,menegotto_pinto_transition,positive,compression,True,True,False,history_dependent,,3.320312549750138,1.8862477649807905,OpenSees Steel02 formulation,synthetic_algorithm_verification_only,Synthetic algorithm-verification parameters; not an NTC 5806 calibration,
COL75X75FC28MPa,212,-0.0032,-350.4904872662212,199512.78862671962,menegotto_pinto_transition,positive,compression,False,True,False,history_dependent,,3.320312549750138,1.8862477649807905,OpenSees Steel02 formulation,synthetic_algorithm_verification_only,Synthetic algorithm-verification parameters; not an NTC 5806 calibration,
COL75X75FC28MPa,213,-0.0028,-270.9189318383369,198139.13075599965,menegotto_pinto_transition,positive,compression,False,True,False,history_dependent,,3.320312549750138,1.8862477649807905,OpenSees Steel02 formulation,synthetic_algorithm_verification_only,Synthetic algorithm-verification parameters; not an NTC 5806 calibration,
COL75X75FC28MPa,214,-0.0024000000000000002,-192.18452272081652,195226.79304229104,menegotto_pinto_transition,positive,compression,False,True,False,history_dependent,,3.320312549750138,1.8862477649807905,OpenSees Steel02 formulation,synthetic_algorithm_verification_only,Synthetic algorithm-verification parameters; not an NTC 5806 calibration,
COL75X75FC28MPa,215,-0.002,-115.0179776401796,190216.22060603823,menegotto_pinto_transition,positive,compression,False,True,False,history_dependent,,3.320312549750138,1.8862477649807905,OpenSees Steel02 formulation,synthetic_algorithm_verification_only,Synthetic algorithm-verification parameters; not an NTC 5806 calibration,
COL75X75FC28MPa,216,-0.0015999999999999999,-40.34569793670346,182708.8378338197,menegotto_pinto_transition,positive,compression,False,True,False,history_dependent,,3.320312549750138,1.8862477649807905,OpenSees Steel02 formulation,synthetic_algorithm_verification_only,Synthetic algorithm-verification parameters; not an NTC 5806 calibration,
COL75X75FC28MPa,217,-0.0012000000000000001,30.798057506122404,172580.46155315006,menegotto_pinto_transition,positive,tension,False,True,False,history_dependent,,3.320312549750138,1.8862477649807905,OpenSees Steel02 formulation,synthetic_algorithm_verification_only,Synthetic algorithm-verification parameters; not an NTC 5806 calibration,
COL75X75FC28MPa,218,-0.0007999999999999999,97.39682203287111,160049.53854118925,menegotto_pinto_transition,positive,tension,False,True,False,history_dependent,,3.320312549750138,1.8862477649807905,OpenSees Steel02 formulation,synthetic_algorithm_verification_only,Synthetic algorithm-verification parameters; not an NTC 5806 calibration,
COL75X75FC28MPa,219,-0.00039999999999999975,158.58921134000047,145662.77062340116,menegotto_pinto_transition,positive,tension,False,True,False,history_dependent,,3.320312549750138,1.8862477649807905,OpenSees Steel02 formulation,synthetic_algorithm_verification_only,Synthetic algorithm-verification parameters; not an NTC 5806 calibration,
COL75X75FC28MPa,220,0.0,213.78220167458312,130191.97898960274,menegotto_pinto_transition,positive,tension,False,True,False,history_dependent,,3.320312549750138,1.8862477649807905,OpenSees Steel02 formulation,synthetic_algorithm_verification_only,Synthetic algorithm-verification parameters; not an NTC 5806 calibration,
COL75X75FC28MPa,221,0.0004000000000000002,262.7106786561934,114477.27247632062,menegotto_pinto_transition,positive,tension,False,True,False,history_dependent,,3.320312549750138,1.8862477649807905,OpenSees Steel02 formulation,synthetic_algorithm_verification_only,Synthetic algorithm-verification parameters; not an NTC 5806 calibration,
COL75X75FC28MPa,222,0.0008000000000000004,305.43309596423444,99274.1417993688,menegotto_pinto_transition,positive,tension,False,True,False,history_dependent,,3.320312549750138,1.8862477649807905,OpenSees Steel02 formulation,synthetic_algorithm_verification_only,Synthetic algorithm-verification parameters; not an NTC 5806 calibration,
COL75X75FC28MPa,223,0.0012000000000000005,342.2751020465396,85151.75023504584,menegotto_pinto_transition,positive,tension,False,True,False,history_dependent,,3.320312549750138,1.8862477649807905,OpenSees Steel02 formulation,synthetic_algorithm_verification_only,Synthetic algorithm-verification parameters; not an NTC 5806 calibration,
COL75X75FC28MPa,224,0.0015999999999999999,373.74593990081246,72458.36699605029,menegotto_pinto_transition,positive,tension,False,True,False,history_dependent,,3.320312549750138,1.8862477649807905,OpenSees Steel02 formulation,synthetic_algorithm_verification_only,Synthetic algorithm-verification parameters; not an NTC 5806 calibration,
COL75X75FC28MPa,225,0.002,400.45261435102907,61341.01241379299,menegotto_pinto_transition,positive,tension,False,True,False,history_dependent,,3.320312549750138,1.8862477649807905,OpenSees Steel02 formulation,synthetic_algorithm_verification_only,Synthetic algorithm-verification parameters; not an NTC 5806 calibration,
COL75X75FC28MPa,226,0.0024000000000000002,423.0285440977069,51793.86642977383,menegotto_pinto_transition,positive,tension,False,True,False,history_dependent,,3.320312549750138,1.8862477649807905,OpenSees Steel02 formulation,synthetic_algorithm_verification_only,Synthetic algorithm-verification parameters; not an NTC 5806 calibration,
COL75X75FC28MPa,227,0.0028000000000000004,442.08337683664183,43712.558328627034,menegotto_pinto_transition,positive,tension,False,True,False,history_dependent,,3.320312549750138,1.8862477649807905,OpenSees Steel02 formulation,synthetic_algorithm_verification_only,Synthetic algorithm-verification parameters; not an NTC 5806 calibration,
COL75X75FC28MPa,228,0.0032000000000000006,458.17324977638384,36940.628274661685,menegotto_pinto_transition,positive,tension,False,True,False,history_dependent,,3.320312549750138,1.8862477649807905,OpenSees Steel02 formulation,synthetic_algorithm_verification_only,Synthetic algorithm-verification parameters; not an NTC 5806 calibration,
COL75X75FC28MPa,229,0.0036,471.7871244210247,31303.167395356348,menegotto_pinto_transition,positive,tension,False,True,False,history_dependent,,3.320312549750138,1.8862477649807905,OpenSees Steel02 formulation,synthetic_algorithm_verification_only,Synthetic algorithm-verification parameters; not an NTC 5806 calibration,
COL75X75FC28MPa,230,0.004,483.344031799993,26628.073408805332,menegotto_pinto_transition,positive,tension,False,True,False,history_dependent,,3.320312549750138,1.8862477649807905,OpenSees Steel02 formulation,synthetic_algorithm_verification_only,Synthetic algorithm-verification parameters; not an NTC 5806 calibration,
COL75X75FC28MPa,231,0.004400000000000001,493.19678490174874,22757.656352007176,menegotto_pinto_transition,positive,tension,False,True,False,history_dependent,,3.320312549750138,1.8862477649807905,OpenSees Steel02 formulation,synthetic_algorithm_verification_only,Synthetic algorithm-verification parameters; not an NTC 5806 calibration,
COL75X75FC28MPa,232,0.0048000000000000004,501.6389230906452,19553.676855717018,menegotto_pinto_transition,positive,tension,False,True,False,history_dependent,,3.320312549750138,1.8862477649807905,OpenSees Steel02 formulation,synthetic_algorithm_verification_only,Synthetic algorithm-verification parameters; not an NTC 5806 calibration,
COL75X75FC28MPa,233,0.0052,508.91279736327033,16898.377834482806,menegotto_pinto_transition,positive,tension,False,True,False,history_dependent,,3.320312549750138,1.8862477649807905,OpenSees Steel02 formulation,synthetic_algorithm_verification_only,Synthetic algorithm-verification parameters; not an NTC 5806 calibration,
COL75X75FC28MPa,234,0.005600000000000001,515.2175831099803,14693.335626138069,menegotto_pinto_transition,positive,tension,False,True,False,history_dependent,,3.320312549750138,1.8862477649807905,OpenSees Steel02 formulation,synthetic_algorithm_verification_only,Synthetic algorithm-verification parameters; not an NTC 5806 calibration,
COL75X75FC28MPa,235,0.006,520.7166021131384,12857.305313487419,menegotto_pinto_transition,positive,tension,False,True,False,history_dependent,,3.320312549750138,1.8862477649807905,OpenSees Steel02 formulation,synthetic_algorithm_verification_only,Synthetic algorithm-verification parameters; not an NTC 5806 calibration,
COL75X75FC28MPa,236,0.006400000000000001,525.5437032771824,11323.753539954976,menegotto_pinto_transition,positive,tension,False,True,False,history_dependent,,3.320312549750138,1.8862477649807905,OpenSees Steel02 formulation,synthetic_algorithm_verification_only,Synthetic algorithm-verification parameters; not an NTC 5806 calibration,
COL75X75FC28MPa,237,0.0068000000000000005,529.8086601093837,10038.452140236059,menegotto_pinto_transition,positive,tension,False,True,False,history_dependent,,3.320312549750138,1.8862477649807905,OpenSees Steel02 formulation,synthetic_algorithm_verification_only,Synthetic algorithm-verification parameters; not an NTC 5806 calibration,
COL75X75FC28MPa,238,0.0072,533.6016495103133,8957.30900805591,menegotto_pinto_transition,positive,tension,False,True,False,history_dependent,,3.320312549750138,1.8862477649807905,OpenSees Steel02 formulation,synthetic_algorithm_verification_only,Synthetic algorithm-verification parameters; not an NTC 5806 calibration,
COL75X75FC28MPa,239,0.007600000000000001,536.9969221537785,8044.499461197289,menegotto_pinto_transition,positive,tension,False,True,False,history_dependent,,3.320312549750138,1.8862477649807905,OpenSees Steel02 formulation,synthetic_algorithm_verification_only,Synthetic algorithm-verification parameters; not an NTC 5806 calibration,
COL75X75FC28MPa,240,0.008,540.0557866277463,7270.901060559721,menegotto_pinto_transition,positive,tension,False,True,False,history_dependent,,3.320312549750138,1.8862477649807905,OpenSees Steel02 formulation,synthetic_algorithm_verification_only,Synthetic algorithm-verification parameters; not an NTC 5806 calibration,
