period_s,Sa_SGC_CCP14_31,Sa_SGC_CCP14_475,Sa_SGC_CCP14_2500
0.0,0.11080058813095094,0.35743376391856246,0.582956075668335
0.01,0.13159536108667003,0.42047456716356835,0.6629309421534635
0.02,0.1523901340423891,0.4835153704085743,0.742905808638592
0.03,0.17318490699810818,0.5465561736535801,0.8228806751237205
0.04,0.19397967995382726,0.609596976898586,0.9028555416088491
0.05,0.21477445290954636,0.672637780143592,0.9828304080939776
0.06,0.2287165403366089,0.7356785833885978,1.0628052745791061
0.07,0.2287165403366089,0.7987193866336038,1.1427801410642346
0.08,0.2287165403366089,0.8043393591776179,1.2227550075493632
0.09,0.2287165403366089,0.8043393591776179,1.2285121047643541
0.1,0.2287165403366089,0.8043393591776179,1.2285121047643541
0.11,0.2287165403366089,0.8043393591776179,1.2285121047643541
0.12,0.2287165403366089,0.8043393591776179,1.2285121047643541
0.13,0.2287165403366089,0.8043393591776179,1.2285121047643541
0.14,0.2287165403366089,0.8043393591776179,1.2285121047643541
0.15,0.2287165403366089,0.8043393591776179,1.2285121047643541
0.16,0.2287165403366089,0.8043393591776179,1.2285121047643541
0.17,0.2287165403366089,0.8043393591776179,1.2285121047643541
0.18,0.2287165403366089,0.8043393591776179,1.2285121047643541
0.19,0.2287165403366089,0.8043393591776179,1.2285121047643541
0.2,0.2287165403366089,0.8043393591776179,1.2285121047643541
0.21,0.2287165403366089,0.8043393591776179,1.2285121047643541
0.22,0.2287165403366089,0.8043393591776179,1.2285121047643541
0.23,0.2287165403366089,0.8043393591776179,1.2285121047643541
0.24,0.2287165403366089,0.8043393591776179,1.2285121047643541
0.25,0.2287165403366089,0.8043393591776179,1.2285121047643541
0.26,0.2287165403366089,0.8043393591776179,1.2285121047643541
0.27,0.2287165403366089,0.8043393591776179,1.2285121047643541
0.28,0.2287165403366089,0.8043393591776179,1.2285121047643541
0.29,0.22360832012932877,0.8043393591776179,1.2285121047643541
0.3,0.21615470945835114,0.8043393591776179,1.2285121047643541
0.31,0.2091819768951785,0.8043393591776179,1.2285121047643541
0.32,0.20264504011720416,0.8043393591776179,1.2285121047643541
0.33,0.19650428132577374,0.8043393591776179,1.2285121047643541
0.34,0.19072474363972156,0.8043393591776179,1.2285121047643541
0.35,0.18527546525001526,0.8043393591776179,1.2285121047643541
0.36,0.18012892454862595,0.7919556805545739,1.2285121047643541
0.37,0.1752605752365009,0.7705514729720179,1.2285121047643541
0.38,0.17064845483554036,0.7502738026306489,1.2285121047643541
0.39,0.16627285342950085,0.7310360128196066,1.2285121047643541
0.4,0.16211603209376332,0.7127601124991164,1.2285121047643541
0.41,0.15816198253050082,0.6953757195113331,1.209333282584782
0.42,0.15439622104167938,0.6788191547610634,1.18053963299943
0.43,0.1508056112500124,0.6630326627898758,1.1530852229296757
0.44,0.1473782109943303,0.6479637386355604,1.126878740590365
0.45,0.14410313963890073,0.6335645444436591,1.101836990799468
0.46,0.14097046269022898,0.6197914021731448,1.07788401273861
0.47,0.13797109114362838,0.6066043510630779,1.0549503103399163
0.48,0.13509669341146946,0.5939667604159304,1.0329721788745012
0.49,0.13233961803572517,0.5818449897951972,1.0118911139995115
0.5,0.12969282567501067,0.5702080899992932,0.9916532917195212
0.51,0.1271498290931477,0.5590275392149933,0.9722091095289424
0.52,0.12470464007212564,0.5482770096147049,0.9535127804995396
0.53,0.12235172233491572,0.5379321603766917,0.935521973320303
0.54,0.12008594969908394,0.5279704537030492,0.9181974923328899
0.55,0.11790256879546424,0.5183709909084483,0.9015029924722919
0.56,0.11579716578125951,0.5091143660707974,0.8854047247495724
0.57,0.11376563655702691,0.5001825350870993,0.8698713085258959
0.58,0.11180416006466438,0.4915586982752528,0.8548735273444149
0.59,0.1099091743008565,0.48322719491465527,0.8403841455250181
0.6,0.10807735472917557,0.47517340833274435,0.826377743099601
0.61,0.10630559481558252,0.4673836803272895,0.8128305669832141
0.62,0.10459098844758925,0.4598452338703977,0.799720396548001
0.63,0.10293081402778624,0.4525461031740422,0.78702642199962
0.64,0.10132252005860208,0.4454750703119478,0.774729134155876
0.65,0.09976371205770052,0.43862160769176395,0.7628102243996316
0.66,0.09825214066288687,0.43197582575704024,0.7512524937269099
0.67,0.09678569080224676,0.4255284253726068,0.7400397699399411
0.68,0.09536237181986078,0.41927065441124495,0.7291568321467067
0.69,0.09398030846015266,0.41319426811542986,0.7185893418257401
0.7,0.09263773262500763,0.407291492856638,0.7083237797996581
0.71,0.09133297582747231,0.4015549929572487,0.6983473885348741
0.72,0.09006446227431297,0.39597784027728694,0.6886481192496675
0.73,0.0888307025171306,0.39055348630088577,0.6792145833695351
0.74,0.08763028761825045,0.38527573648600894,0.6700360079185954
0.75,0.08646188378334045,0.38013872666619547,0.6611021944796808
0.76,0.08532422741777018,0.37513690131532446,0.6524034813944218
0.77,0.08421612056818875,0.37026499350603453,0.64393070890878
0.78,0.08313642671475042,0.3655180064098033,0.635675186999693
0.79,0.08208406688291814,0.36089119620208426,0.6276286656452665
0.8,0.08105801604688166,0.3563800562495582,0.6197833073247008
0.81,0.0800572997993893,0.3519803024686995,0.61213166155526
0.82,0.07908099126525041,0.3476878597556666,0.604666641292391
0.83,0.07812820823795824,0.3434988493971646,0.5973815010358562
0.84,0.07719811052083969,0.3394095773805317,0.590269816499715
0.85,0.07628989745588863,0.335416523528996,0.5833254657173654
0.86,0.0754028056250062,0.3315163313949379,0.5765426114648379
0.87,0.07453610670977624,0.3277057988501685,0.5699156848962765
0.88,0.07368910549716515,0.3239818693177802,0.5634393702951825
0.89,0.07286113801966891,0.32034162359510854,0.5571085908536636
0.9,0.07205156981945036,0.31678227222182953,0.550918495399734
0.91,0.07125979432692894,0.31330114835126,0.5448644459997369
0.92,0.07048523134511449,0.3098957010865724,0.538942006369305
0.93,0.06972732563172616,0.3065634892469318,0.5331469310320006
0.94,0.06898554557181419,0.30330217553153893,0.5274751551699581
0.95,0.06825938193421614,0.3001095210522596,0.5219227851155375
0.96,0.06754834670573473,0.2969833802079652,0.5164860894372506
0.97,0.06685197199742818,0.2939216958759243,0.5111614905770728
0.98,0.06616980901786258,0.2909224948975986,0.5059455569997557
0.99,0.06550142710859125,0.28798388383802687,0.50083499581794
1.0,0.06484641283750534,0.2851040449996466,0.4958266458597606
1.01,0.06420436914604488,0.28228123267291744,0.49091747114827783
1.02,0.06357491454657385,0.27951376960749663,0.4861045547644712
1.03,0.06295768236651003,0.27680004368897726,0.48138509306772875
1.04,0.06235232003606282,0.27413850480735247,0.4767563902497698
1.05,0.061758488416671746,0.2715276619044253,0.472215853199772
1.06,0.06117586116745786,0.26896608018834584,0.4677609866601515
1.07,0.060604124147201247,0.2664523785043426,0.4633893886539818
1.08,0.06004297484954197,0.2639852268515246,0.45909874616644497
1.09,0.05949212186927094,0.261563344036373,0.4548868310640005
1.1,0.05895128439773212,0.25918549545422415,0.45075149623614597
1.11,0.0584201917455003,0.2568504909906726,0.44669067194573026
1.12,0.057898582890629754,0.2545571830353987,0.4427023623747862
1.13,0.05738620605088968,0.25230446460145717,0.4387846423537705
1.14,0.05688281827851346,0.25009126754354966,0.43493565426294795
1.15,0.0563881850760916,0.24791656086925792,0.43115360509544404
1.16,0.05590208003233219,0.2457793491376264,0.42743676367220745
1.17,0.05542428447650029,0.2436786709398689,0.42378345799979544
1.18,0.05495458715042825,0.24161359745732763,0.42019207276250903
1.19,0.05449278389706331,0.23958323109214,0.41666104694097533
1.2,0.054038677364587784,0.23758670416637218,0.4131888715498005
1.21,0.053592076725211026,0.23562317768565835,0.40977408748740546
1.22,0.05315279740779126,0.23369184016364475,0.40641528349160705
1.23,0.05272066084350027,0.2317919065037777,0.40311109419492736
1.24,0.05229549422379463,0.22992261693519886,0.3998601982740005
1.25,0.05187713027000427,0.22808323599971728,0.39666131668780846
1.26,0.05146540701389312,0.2262730515870211,0.39351321099981
1.27,0.05106016758858688,0.22449137401546976,0.3904146817793391
1.28,0.05066126002930104,0.2227375351559739,0.387364567077938
1.29,0.05026853708333747,0.22101088759662527,0.3843617409765586
1.3,0.04988185602885026,0.21931080384588197,0.3814051121998158
1.31,0.04950107850191247,0.2176366755722493,0.37849362279371035
1.32,0.049126070331443436,0.21598791287852012,0.37562624686345497
1.33,0.04875670138158296,0.21436394360875682,0.37280198936824105
1.34,0.04839284540112338,0.2127642126863034,0.37001988496997057
1.35,0.048034379879633576,0.21118818148121968,0.36727899693315597
1.36,0.04768118590993039,0.20963532720562247,0.36457841607335334
1.37,0.04733314805657323,0.20810514233550845,0.36191725975165007
1.38,0.04699015423007633,0.20659713405771493,0.35929467091287004
1.39,0.0466520955665506,0.20511082374075296,0.35670981716529543
1.4,0.046318866312503815,0.203645746428319,0.35416188989982905
1.41,0.04599036371454279,0.2022014503543593,0.3516501034466388
1.42,0.045666487913736155,0.20077749647862436,0.34917369426743705
1.43,0.04534714184440933,0.19937345804171092,0.3467319201816508
1.44,0.045032231137156487,0.19798892013864347,0.34432405962483376
1.45,0.04472166402586575,0.1966234793101011,0.34194941093776593
1.46,0.0444153512585653,0.19527674315044288,0.33960729168476755
1.47,0.04411320601190839,0.1939483299317324,0.3372970379998372
1.48,0.043815143809125226,0.19263786824300447,0.3350180039592977
1.49,0.043521082441278745,0.1913449966440581,0.3327695609797051
1.5,0.043230941891670226,0.19006936333309774,0.3305510972398404
1.51,0.042944644263248566,0.1888106258275805,0.32836201712566926
1.52,0.04266211370888509,0.18756845065766223,0.3262017406972109
1.53,0.04238327636438257,0.18634251307166444,0.3240697031763141
1.54,0.042108060284094376,0.18513249675301727,0.32196535445439
1.55,0.0418363953790357,0.18393809354815907,0.3198881586192004
1.56,0.04156821335737521,0.18275900320490165,0.3178375934998465
1.57,0.04130344766720085,0.181594933120794,0.31581315022914686
1.58,0.04104203344145907,0.18044559810104213,0.31381433282263327
1.59,0.04078390744497191,0.17931072012556387,0.31184065777343434
1.6,0.04052900802344083,0.1781900281247791,0.3098916536623504
1.61,0.040277275054351136,0.17708325776375564,0.30796686078246
1.62,0.04002864989969465,0.17599015123434975,0.30606583077763
1.63,0.039783075360432726,0.17491045705499791,0.3041881262943317
1.64,0.039540495632625204,0.1738439298778333,0.3023333206461955
1.65,0.03930085626515475,0.17279033030281613,0.30050099749076403
1.66,0.03906410411897912,0.1717494246985823,0.2986907505179281
1.67,0.03883018732784751,0.17072098502972852,0.29690218314955724
1.68,0.038599055260419846,0.16970478869026584,0.2951349082498575
1.69,0.03837065848373097,0.16870061834298616,0.2933885478460122
1.7,0.038144948727944314,0.167708261764498,0.2916627328586827
1.71,0.0379218788523423,0.16672751169569977,0.2899571028419653
1.72,0.0377014028125031,0.16575816569746896,0.28827130573241894
1.73,0.0374834756286158,0.1648000260113564,0.28660499760679803
1.74,0.03726805335488812,0.16385289942508424,0.28495784244813827
1.75,0.03705509305000305,0.1629165971426552,0.2833295119198632
1.76,0.036844552748582574,0.1619909346588901,0.28171968514759127
1.77,0.03663639143361883,0.16107573163821842,0.28012804850833933
1.78,0.036430569009834456,0.16017081179755427,0.2785542954268318
1.79,0.036227046277935944,0.15927600279309864,0.2769981261786372
1.8,0.03602578490972518,0.15839113611091477,0.275459247699867
1.81,0.0358267474240361,0.1575160469611307,0.27393737340318264
1.82,0.03562989716346447,0.15665057417563,0.27243222299986847
1.83,0.03543519827186084,0.15579456010909648,0.27094352232773805
1.84,0.035242615672557244,0.1549478505432862,0.2694710031846525
1.85,0.03505211504730018,0.15411029459440356,0.26801440316743813
1.86,0.03486366281586308,0.1532817446234659,0.2665734655160003
1.87,0.03467722611631301,0.1524620561495436,0.2651479389624388
1.88,0.034492772785907094,0.15165108776576947,0.26373757758497907
1.89,0.034310271342595414,0.15084870105801407,0.26234214066654
1.9,0.03412969096710807,0.1500547605261298,0.26096139255776873
1.91,0.03395100148560489,0.14926913350766838,0.2595951025443773
1.92,0.033774173352867365,0.1484916901039826,0.2582430447186253
1.93,0.033599177636013125,0.1477223031086252,0.25690499785479826
1.94,0.03342598599871409,0.14696084793796216,0.2555807452885364
1.95,0.033254570685900174,0.14620720256392133,0.25427007479987723
1.96,0.03308490450893129,0.1454612474487993,0.25297277849987787
1.97,0.03291696083122098,0.1447228654820541,0.2516886527206907
1.98,0.032750713554295624,0.14399194191901343,0.25041749790897
1.99,0.032586137104274035,0.14326836432143045,0.24915911852249276
2.0,0.03242320641875267,0.1425520224998233,0.2479133229298803
2.01,0.03226189693408226,0.14184280845753564,0.24667992331331376
2.02,0.03210218457302244,0.14114061633645872,0.24545873557413891
2.03,0.03194404573276125,0.14044534236435793,0.2442495792412614
2.04,0.031787457273286926,0.13975688480374832,0.2430522773822356
2.05,0.03163239650610017,0.13907514390226663,0.2418666565169564
2.06,0.031478841183255016,0.13840002184448863,0.24069254653386438
2.07,0.03132676948671755,0.1377314227051433,0.23952978060858002
2.08,0.03117616001803141,0.13706925240367623,0.2383781951248849
2.09,0.031026991788280067,0.136413418660118,0.2372376295979716
2.1,0.030879244208335873,0.13576383095221264,0.236107926599886
2.11,0.030732897079386416,0.13512040047376617,0.23498893168709034
2.12,0.03058793058372893,0.13448304009417292,0.23388049333007574
2.13,0.0304443252758241,0.1338516643190829,0.23278246284495804
2.14,0.030302062073600623,0.1332261892521713,0.2316946943269909
2.15,0.030161122250002483,0.13260653255797517,0.23061704458593518
2.16,0.030021487424770985,0.1319926134257623,0.22954937308322249
2.17,0.029883139556454073,0.13138435253439934,0.22849154187085743
2.18,0.02974606093463547,0.1307816720181865,0.22744341553200026
2.19,0.029610234172376865,0.1301844954336286,0.22640486112317837
2.2,0.02947564219886606,0.12959274772711207,0.22537574811807298
2.21,0.02934226825226486,0.12900635520346,0.22435594835283285
2.22,0.02921009587275015,0.1284252454953363,0.22334533597286513
2.23,0.029079108895742303,0.1278493475334738,0.22234378738105856
2.24,0.028949291445314877,0.12727859151769935,0.2213511811873931
2.25,0.02882062792778015,0.12671290888873182,0.2203673981598936
2.26,0.02869310302544484,0.12615223230072858,0.21939232117688526
2.27,0.028566701690530983,0.12559649559455796,0.21842583518051129
2.28,0.02844140913925673,0.12504563377177483,0.21746782713147397
2.29,0.028317210846072197,0.12449958296927799,0.21651818596496095
2.3,0.0281940925380458,0.12395828043462896,0.21557680254772202
2.31,0.028072040189396248,0.1234216645020115,0.21464356963626
2.32,0.027951040016166096,0.1228896745688132,0.21371838183610373
2.33,0.027831078471032333,0.1223622510728097,0.212801135562129
2.34,0.027712142238250144,0.12183933546993445,0.21189172899989772
2.35,0.027594218228725674,0.12132087021261556,0.21099006206798324
2.36,0.027477293575214126,0.12080679872866382,0.21009603638125451
2.37,0.027361355627639382,0.12029706540069476,0.20920955521508885
2.38,0.027246391948531654,0.11979161554607,0.20833052347048767
2.39,0.027132390308579637,0.11929039539734167,0.2074588476400672
2.4,0.027019338682293892,0.11879335208318609,0.20659443577490025
2.41,0.026907225243778147,0.11830043360981185,0.2057371974521828
2.42,0.026796038362605513,0.11781158884282918,0.20488704374370273
2.43,0.02668576659979643,0.11732676748956648,0.20404388718508665
2.44,0.02657639870389563,0.11684592008182237,0.20320764174580352
2.45,0.026467923607145033,0.11636899795903942,0.20237822279990228
2.46,0.026360330421750136,0.11589595325188885,0.20155554709746368
2.47,0.026253608436236975,0.11542673886625367,0.20073953273674516
2.48,0.026147747111897313,0.11496130846759943,0.19993009913700024
2.49,0.02604273607931941,0.11449961646572152,0.19912716701195204
2.5,0.025938565135002135,0.11404161799985864,0.19833065834390423
2.51,0.025835224238049938,0.113587268924162,0.19754049635847037
2.52,0.02573270350694656,0.11313652579351055,0.196756605499905
2.53,0.025630993216405273,0.1126893458496627,0.19597891140702
2.54,0.02553008379429344,0.11224568700773488,0.19520734088966954
2.55,0.025429965818629545,0.11180550784299867,0.1944418219057885
2.56,0.02533063001465052,0.11136876757798694,0.193682283538969
2.57,0.025232067251947602,0.11093542606990141,0.19292865597656056
2.58,0.025134268541668735,0.11050544379831263,0.1921808704882793
2.59,0.025037225033785845,0.1100787818531454,0.191438859405313
2.6,0.02494092801442513,0.10965540192294099,0.1907025560999079
2.61,0.02484536890325875,0.1092352662833895,0.18997189496542552
2.62,0.024750539250956233,0.10881833778612465,0.18924681139685517
2.63,0.024656430736694046,0.10840457984777438,0.1885272417717721
2.64,0.024563035165721718,0.10799395643926006,0.18781312343172749
2.65,0.024470344466983145,0.10758643207533834,0.18710439466406062
2.66,0.02437835069079148,0.10718197180437841,0.18640099468412052
2.67,0.024287046006556307,0.10678054119836951,0.18570286361788788
2.68,0.02419642270056169,0.1063821063431517,0.18500994248498528
2.69,0.024106473173793806,0.1059866338288649,0.18432217318206714
2.7,0.024017189939816788,0.10559409074060984,0.18363949846657798
2.71,0.023928565622695696,0.10520444464931608,0.18296186194087108
2.72,0.023840592954965194,0.10481766360281124,0.18228920803667667
2.73,0.02375326477564298,0.10443371611708667,0.18162148199991232
2.74,0.023666574028286615,0.10405257116775422,0.18095862987582503
2.75,0.02358051375909285,0.10367419818168967,0.1803005984944584
2.76,0.023495077115038166,0.10329856702885747,0.17964733545643502
2.77,0.023410257342059686,0.10292564801431285,0.17899878911904715
2.78,0.0233260477832753,0.10255541187037648,0.17835490858264771
2.79,0.023242441877242056,0.10218782974897728,0.17771564367733356
2.8,0.023159433156251907,0.1018228732141595,0.17708094494991453
2.81,0.02307701524466382,0.10146051423474968,0.17645076365116036
2.82,0.022995181857271396,0.10110072517717965,0.1758250517233194
2.83,0.022913926797705066,0.10074347879846168,0.17520376178790126
2.84,0.022833243956868077,0.10038874823931218,0.17458684713371853
2.85,0.02275312731140538,0.10003650701741985,0.17397426170517916
2.86,0.022673570922204664,0.09968672902085546,0.1733659600908254
2.87,0.022594568932928688,0.09933938850161901,0.1727618975121117
2.88,0.022516115568578243,0.09899446006932174,0.17216202981241688
2.89,0.022438205134084892,0.09865191868499881,0.17156631344628395
2.9,0.022360832012932874,0.09831173965505055,0.17097470546888296
2.91,0.022283990665809394,0.0979738986253081,0.17038716352569092
2.92,0.02220767562928265,0.09763837157522144,0.16980364584238378
2.93,0.02213188151450694,0.09730513481216607,0.16922411121493536
2.94,0.022056603005954196,0.0969741649658662,0.1686485189999186
2.95,0.021981834860171297,0.09664543898293104,0.16807682910500357
2.96,0.021907571904562613,0.09631893412150223,0.16750900197964885
2.97,0.021833809036197083,0.09599462794600895,0.16694499860598
2.98,0.021760541220639373,0.09567249832202905,0.16638478048985256
2.99,0.02168776349080446,0.09535252341125303,0.16582830965209383
3.0,0.021615470945835113,0.09503468166654887,0.1652755486199202
3.01,0.021543658750001773,0.09471895182712511,0.16472646041852512
3.02,0.021472322131624283,0.09440531291379026,0.16418100856283463
3.03,0.021401456382014964,0.09409374422430582,0.16363915704942594
3.04,0.021331056854442546,0.09378422532883111,0.16310087034860546
3.05,0.021261118963116506,0.09347673606545791,0.16256611339664284
3.06,0.021191638182191285,0.09317125653583222,0.16203485158815706
3.07,0.021122610044790012,0.09286776710086209,0.16150705076865168
3.08,0.021054030142047188,0.09256624837650863,0.160982677227195
3.09,0.02098589412217001,0.0922666812296591,0.16046169768924293
3.1,0.02091819768951785,0.09196904677407954,0.1599440793096002
3.11,0.020850936603699466,0.09167332636644585,0.15942978966551788
3.12,0.020784106678687606,0.09137950160245083,0.15891879674992326
3.13,0.020717703781950588,0.09108755431298614,0.15841106896477974
3.14,0.020651723833600425,0.090797466560397,0.15790657511457343
3.15,0.02058616280555725,0.09050922063480844,0.15740528439992402
3.16,0.020521016720729535,0.09022279905052107,0.15690716641131663
3.17,0.020456281652209887,0.08993818454247526,0.15641219112295288
3.18,0.020391953722485954,0.08965536006278194,0.15592032888671717
3.19,0.020328029102666248,0.08937430877731868,0.15543155042625725
3.2,0.020264504011720415,0.08909501406238955,0.1549458268311752
3.21,0.02020137471573375,0.08881745950144754,0.1544631295513273
3.22,0.020138637527175568,0.08854162888187782,0.15398343039123
3.23,0.02007628880418122,0.08826750619184105,0.15350670150456985
3.24,0.020014324949847326,0.08799507561717487,0.153032915388815
3.25,0.019952742411540103,0.0877243215383528,0.15256204487992633
3.26,0.019891537680216363,0.08745522852749896,0.15209406314716584
3.27,0.019830707289756982,0.08718778134545767,0.15162894368800017
3.28,0.019770247816312602,0.08692196493891664,0.15116666032309775
3.29,0.019710155877661197,0.08665776443758255,0.1507071871914166
3.3,0.019650428132577374,0.08639516515140806,0.15025049874538202
3.31,0.019591061280213092,0.08613415256786906,0.14979656974615124
3.32,0.01953205205948956,0.08587471234929114,0.14934537525896405
3.33,0.0194733972485001,0.0856168303302242,0.14889689064857675
3.34,0.019415093663923754,0.08536049251486426,0.14845109157477862
3.35,0.019357138160449355,0.08510568507452136,0.14800795398798824
3.36,0.019299527630209923,0.08485239434513292,0.14756745412492875
3.37,0.0192422590022271,0.08460060682482094,0.14712956850438
3.38,0.019185329241865483,0.08435030917149308,0.1466942739230061
3.39,0.01912873535029656,0.08410148820048571,0.1462615474512568
3.4,0.019072474363972157,0.083854130882249,0.14583136642934136
3.41,0.019016543354107136,0.08360822434007231,0.1454037084632729
3.42,0.01896093942617115,0.08336375584784989,0.14497855142098265
3.43,0.01890565971938931,0.0831207128278853,0.14455587342850162
3.44,0.01885070140625155,0.08287908284873448,0.14413565286620947
3.45,0.01879606169203053,0.08263885362308597,0.143717868365148
3.46,0.0187417378143079,0.0824000130056782,0.14330249880339901
3.47,0.01868772704250874,0.08216254899125261,0.14288952330252466
3.48,0.01863402667744406,0.08192644971254212,0.14247892122406913
3.49,0.018580634050861126,0.08169170343829414,0.14207067216612052
3.5,0.018527546525001524,0.0814582985713276,0.1416647559599316
3.51,0.018474761492166765,0.08122622364662296,0.14126115266659847
3.52,0.018422276374291287,0.08099546732944506,0.14085984257379564
3.53,0.01837008862252276,0.08076601841349762,0.14046080619256676
3.54,0.018318195716809416,0.08053786581910921,0.14006402425416967
3.55,0.018266595165494462,0.08031099859144974,0.13966947770697483
3.56,0.018215284504917228,0.08008540589877713,0.1392771477134159
3.57,0.018164261299021104,0.07986107703071334,0.13888701564699177
3.58,0.018113523138967972,0.07963800139654932,0.1384990630893186
3.59,0.018063067642759147,0.07941616852357844,0.13811327182723138
3.6,0.01801289245486259,0.07919556805545738,0.1377296238499335
3.61,0.017962995245846353,0.07897618975059463,0.13734810134619407
3.62,0.01791337371201805,0.07875802348056535,0.13696868670159132
3.63,0.01786402557507034,0.07854105922855278,0.1365913624958018
3.64,0.017814948581732236,0.078325287087815,0.13621611149993423
3.65,0.01776614050342612,0.07811069726017715,0.13584291667390702
3.66,0.01771759913593042,0.07789728005454824,0.13547176116386903
3.67,0.017669322299047774,0.07768502588546229,0.1351026282996623
3.68,0.017621307836278622,0.0774739252716431,0.13473550159232625
3.69,0.017573553614500092,0.07726396883459258,0.13437036473164243
3.7,0.01752605752365009,0.07705514729720178,0.13400720158371907
3.71,0.017478817476416532,0.07684745148238453,0.13364599618861472
3.72,0.01743183140793154,0.07664087231173294,0.13328673275800015
3.73,0.0173850972754706,0.0764354008041948,0.13292939567285808
3.74,0.017338613058156507,0.0762310280747718,0.1325739694812194
3.75,0.01729237675666809,0.0760277453332391,0.13222043889593615
3.76,0.017246386392953547,0.07582554388288473,0.13186878879248953
3.77,0.017200640009948365,0.07562441511926965,0.13151900420683305
3.78,0.017155135671297707,0.07542435052900703,0.13117107033327
3.79,0.0171098714610832,0.0752253416885611,0.13082497252236427
3.8,0.017064845483554036,0.0750273802630649,0.13048069627888437
3.81,0.01702005586286229,0.07483045800515659,0.1301382272597797
3.82,0.016975500742802446,0.07463456675383419,0.12979755127218864
3.83,0.016931178286554917,0.0744396984333281,0.12945865427147796
3.84,0.016887086676433682,0.0742458450519913,0.12912152235931265
3.85,0.01684322411363775,0.0740529987012069,0.128786141781756
3.86,0.016799588818006563,0.0738611515543126,0.12845249892739913
3.87,0.016756179027779157,0.07367029586554175,0.12812058032551954
3.88,0.016712992999357044,0.07348042396898108,0.1277903726442682
3.89,0.01667002900707078,0.07329152827754411,0.12746186268888446
3.9,0.016627285342950087,0.07310360128196067,0.12713503739993862
3.91,0.016584760316497527,0.07291663554978173,0.12680988385160116
3.92,0.016542452254465646,0.07273062372439965,0.12648638924993894
3.93,0.01650035950063749,0.07254555852408309,0.1261645409312368
3.94,0.01645848041561049,0.07236143274102705,0.12584432636034534
3.95,0.016416813376583628,0.07217823924041686,0.12552573312905332
3.96,0.016375356777147812,0.07199597095950672,0.125208748954485
3.97,0.01633410902707943,0.07181462090671198,0.12489336167752156
3.98,0.016293068552137017,0.07163418216071522,0.12457955926124638
3.99,0.016252233793860985,0.07145464786958561,0.12426732978941368
4.0,0.016211603209376334,0.07127601124991165,0.12395666146494015
4.01,0.016171175271198338,0.07109826558594678,0.1236475426084191
4.02,0.01613094846704113,0.07092140422876782,0.12333996165665688
4.03,0.016090921299629114,0.0707454205954458,0.12303390716123092
4.04,0.01605109228651122,0.07057030816822936,0.12272936778706946
4.05,0.01601145995987786,0.0703960604937399,0.122426332311052
4.06,0.015972022866380626,0.07022267118217897,0.1221247896206307
4.07,0.015932779566954627,0.07005013390654707,0.12182472871247188
4.08,0.015893728636643463,0.06987844240187416,0.1215261386911178
4.09,0.015854868664426734,0.06970759046446127,0.12122900876766764
4.1,0.015816198253050084,0.06953757195113332,0.1209333282584782
4.11,0.015777716018857746,0.06936838077850281,0.12063908658388335
4.12,0.015739420591627508,0.06920001092224431,0.12034627326693219
4.13,0.015701310614408073,0.06903245641637933,0.12005487793214543
4.14,0.015663384743358776,0.06886571135257165,0.11976489030429001
4.15,0.015625641647591646,0.06869976987943291,0.11947630020717122
4.16,0.015588080009015706,0.06853462620183812,0.11918909756244245
4.17,0.015550698522183534,0.06837027458025098,0.1189032723884318
4.18,0.015513495894140033,0.068206709330059,0.1186188147989858
4.19,0.015476470844273348,0.06804392482091803,0.11833571500232949
4.2,0.015439622104167936,0.06788191547610632,0.118053963299943
4.21,0.0154029484174597,0.06772067577188755,0.11777355008545383
4.22,0.015366448539693208,0.06756020023688308,0.11749446584354517
4.23,0.015330121238180928,0.0674004834514531,0.11721670114887957
4.24,0.015293965291864465,0.06724152004708646,0.11694024666503787
4.25,0.015257979491177727,0.0670833047057992,0.11666509314347308
4.26,0.01522216263791205,0.06692583215954145,0.11639123142247902
4.27,0.015186513545083219,0.0667690971896128,0.11611865242617346
4.28,0.015151031036800312,0.06661309462608565,0.11584734716349546
4.29,0.015115713948136442,0.06645781934723696,0.11557730672721693
4.3,0.015080561125001241,0.06630326627898758,0.11530852229296759
4.31,0.01504557142401516,0.06614943039434956,0.11504098511827393
4.32,0.015010743712385493,0.06599630671288115,0.11477468654161124
4.33,0.014976076867784141,0.06584389030014932,0.11450961798146896
4.34,0.014941569778227037,0.06569217626719967,0.11424577093542872
4.35,0.01490722134195525,0.0655411597700337,0.11398313697925531
4.36,0.014873030467317735,0.06539083600909325,0.11372170776600013
4.37,0.014838996072655682,0.06524120022875207,0.11346147502511685
4.38,0.014805117086188433,0.0650922477168143,0.11320243056158918
4.39,0.01477139244590099,0.06494397380401973,0.11294456625507077
4.4,0.01473782109943303,0.06479637386355604,0.11268787405903649
4.41,0.014704402003969464,0.06464944331057745,0.11243234599994571
4.42,0.01467113412613243,0.06450317760173,0.11217797417641642
4.43,0.014638016441874794,0.0643575722346832,0.11192475075841098
4.44,0.014605047936375074,0.06421262274766815,0.11167266798643256
4.45,0.014572227603933783,0.0640683247190217,0.11142171817073272
4.46,0.014539554447871151,0.0639246737667369,0.11117189369052928
4.47,0.01450702748042625,0.06378166554801938,0.11092318699323504
4.48,0.014474645722657439,0.06363929575884968,0.11067559059369655
4.49,0.014442408204344172,0.06349756013355158,0.11042909707344334
4.5,0.014410313963890075,0.06335645444436591,0.1101836990799468
4.51,0.014378362048227348,0.0632159745010303,0.10993938932588927
4.52,0.01434655151272242,0.06307611615036429,0.10969616058844263
4.53,0.014314881421082854,0.06293687527586017,0.10945400570855641
4.54,0.014283350845265491,0.06279824779727898,0.10921291759025564
4.55,0.014251958865385788,0.062660229670252,0.1089728891999474
4.56,0.014220704569628364,0.06252281688588741,0.10873391356573699
4.57,0.014189587054158716,0.06238600547038218,0.10849598377675286
4.58,0.014158605423036099,0.062249791484638994,0.10825909298248047
4.59,0.014127758788127524,0.062114171023888144,0.1080232343921047
4.6,0.0140970462690229,0.06197914021731448,0.10778840127386101
4.61,0.014066466992951264,0.06184469522768906,0.10755458695439492
4.62,0.014036020094698124,0.06171083225100575,0.10732178481813
4.63,0.01400570471652383,0.06157754751612238,0.10708998830664376
4.64,0.013975520008083048,0.0614448372844066,0.10685919091805186
4.65,0.013945465126345232,0.06131269784938636,0.10662938620640013
4.66,0.013915539235516167,0.06118112553640485,0.1064005677810645
4.67,0.013885741506960458,0.061050116702279784,0.10617272930615859
4.68,0.013856071119125072,0.06091966773496722,0.10594586449994886
4.69,0.013826527257463823,0.06078977505322954,0.10571996713427731
4.7,0.013797109114362837,0.06066043510630778,0.10549503103399162
4.71,0.01376781588906695,0.060531644373598,0.1052710500763823
4.72,0.013738646787607063,0.06040339936433191,0.10504801819062726
4.73,0.013709601022728399,0.06027569661726143,0.10482592935724325
4.74,0.013680677813819691,0.06014853270034738,0.10460477760754443
4.75,0.013651876386843228,0.060021904210451914,0.10438455702310749
4.76,0.013623195974265827,0.059895807773035,0.10416526173524383
4.77,0.013594635814990638,0.05977024004185463,0.10394688592447812
4.78,0.013566195154289818,0.059645197698670833,0.1037294238200336
4.79,0.013537873243738065,0.059520677452953356,0.10351286969932372
4.8,0.013509669341146946,0.059396676041593044,0.10329721788745012
4.81,0.013481582710500071,0.05927319022861676,0.10308246275670699
4.82,0.013453612621889073,0.059150216804905925,0.1028685987260914
4.83,0.01342575835145038,0.05902775258791855,0.10265562026082
4.84,0.013398019181302756,0.05890579442141459,0.10244352187185136
4.85,0.013370394399485636,0.058784339175184865,0.10223229811541457
4.86,0.013342883299898215,0.05866338374478324,0.10202194359254332
4.87,0.013315485182239288,0.05854292505126213,0.10181245294861614
4.88,0.013288199351947815,0.05842296004091119,0.10160382087290176
4.89,0.013261025120144241,0.05830348568499931,0.10139604209811057
4.9,0.013233961803572517,0.05818449897951971,0.10118911139995114
4.91,0.013207008724542838,0.058065996944938206,0.10098302359669259
4.92,0.013180165210875068,0.057947976625944426,0.10077777354873184
4.93,0.013153430595842867,0.05783043509120621,0.10057335615816645
4.94,0.013126804218118487,0.057713369433126833,0.10036976636837258
4.95,0.013100285421718249,0.05759677676760537,0.100166999163588
4.96,0.013073873555948657,0.057480654233799715,0.09996504956850012
4.97,0.013047567975353187,0.05736499899389268,0.09976391264783917
4.98,0.013021368039659705,0.05724980823286076,0.09956358350597602
4.99,0.012995273113728523,0.057135079158245804,0.09936405728652517
5.0,0.012969282567501067,0.05702080899992932,0.09916532917195212
